Name,Rating,Rating Count,Price,Category,Platform
"YouTube: Watch, Listen, Stream",4.5,12036084,0.0,Photo & Video,iOS
Spotify: Music and Podcasts,5.0,11687033,0.0,Music,iOS
Venmo,5.0,7747894,0.0,Finance,iOS
DoorDash - Food Delivery,5.0,5541964,0.0,Food & Drink,iOS
Fortnite,4.5,5117253,0.0,Games,iOS
Bible,5.0,5055799,0.0,Reference,iOS
Shazam,5.0,4634749,0.0,Music,iOS
Domino's Pizza USA,5.0,4281557,0.0,Food & Drink,iOS
Starbucks,5.0,3515438,0.0,Food & Drink,iOS
Southwest Airlines,5.0,3333564,0.0,Travel,iOS
Clash of Clans,4.5,3245970,0.0,Games,iOS
TikTok - Make Your Day,4.5,3237638,0.0,Entertainment,iOS
Google Maps - Transit & Food,4.5,3141729,0.0,Navigation,iOS
Wells Fargo Mobile,5.0,3134446,0.0,Finance,iOS
PayPal: Mobile Cash,5.0,3065511,0.0,Finance,iOS
Chase Mobile®,5.0,2623884,0.0,Finance,iOS
Discover Mobile,5.0,2565765,0.0,Finance,iOS
Audible audiobooks & originals,5.0,2456760,0.0,Book,iOS
Sniper 3D: Gun Shooting Games,5.0,2443890,0.0,Games,iOS
Roblox,4.5,2322399,0.0,Games,iOS
Candy Crush Saga,4.5,2223676,0.0,Games,iOS
Golf Clash,4.5,2036782,0.0,Games,iOS
8 Ball Pool™,4.5,1948067,0.0,Games,iOS
Amazon Kindle,4.5,1871585,0.0,Book,iOS
Episode - Choose Your Story,4.5,1859063,0.0,Games,iOS
Temple Run,4.5,1853952,0.0,Games,iOS
Draw Something Classic,4.5,1805004,0.0,Games,iOS
GEICO Mobile - Car Insurance,5.0,1802919,0.0,Finance,iOS
Bank of America Mobile Banking,4.5,1801290,0.0,Finance,iOS
Grubhub: Local Food Delivery,4.5,1776236,0.0,Food & Drink,iOS
Citi Mobile®,5.0,1687766,0.0,Finance,iOS
Toon Blast,4.5,1684914,0.0,Games,iOS
Amazon Prime Video,5.0,1608548,0.0,Entertainment,iOS
Uber Eats: Order Food Delivery,5.0,1593856,0.0,Food & Drink,iOS
"SiriusXM-Music, Comedy, Sports",4.5,1577845,0.0,Music,iOS
OpenTable,5.0,1517993,0.0,Food & Drink,iOS
Clash Royale,4.5,1502394,0.0,Games,iOS
"Ticketmaster－Buy, Sell Tickets",4.5,1454446,0.0,Entertainment,iOS
MyFitnessPal,4.5,1428198,0.0,Health & Fitness,iOS
Hole.io,4.5,1371323,0.0,Games,iOS
Microsoft Outlook,4.5,1356551,0.0,Productivity,iOS
Words With Friends Classic,4.5,1351769,0.0,Games,iOS
Helix Jump,4.5,1336154,0.0,Games,iOS
Amex,5.0,1281000,0.0,Finance,iOS
Hulu: Stream TV shows & movies,4.5,1211142,0.0,Entertainment,iOS
Happy Color™ – Color by Number,5.0,1170328,0.0,Games,iOS
ClassDojo,5.0,1165030,0.0,Education,iOS
Canvas Student,4.5,1125147,0.0,Education,iOS
StubHub: Event Tickets,5.0,1106401,0.0,Entertainment,iOS
ADP Mobile Solutions,4.5,1104127,0.0,Business,iOS
Robinhood: Invest. Save. Earn.,5.0,1061320,0.0,Finance,iOS
PicCollage Grid & Photo Editor,5.0,1040657,0.0,Photo & Video,iOS
Chick-fil-A,5.0,1034417,0.0,Food & Drink,iOS
Indeed Job Search,4.5,1030576,0.0,Business,iOS
PINK Nation,5.0,1018170,0.0,Lifestyle,iOS
Fidelity Investments,4.5,1005779,0.0,Finance,iOS
Pixel Gun 3D: FPS PvP Shooter,4.5,987016,0.0,Games,iOS
Subway Surfers,4.5,959744,0.0,Games,iOS
ESPN Fantasy Sports,4.5,942273,0.0,Sports,iOS
Crossy Road,4.5,941921,0.0,Games,iOS
Postmates - Food Delivery,5.0,931263,0.0,Food & Drink,iOS
BitLife - Life Simulator,5.0,910937,0.0,Games,iOS
YouTube Kids,4.5,888894,0.0,Entertainment,iOS
HP Smart,5.0,869256,0.0,Productivity,iOS
USAA Mobile,5.0,844653,0.0,Finance,iOS
Bike Race: Free Style Games,5.0,837145,0.0,Games,iOS
Trulia Real Estate: Find Homes,4.5,833941,0.0,Lifestyle,iOS
PUBG MOBILE - 2nd Anniversary,4.5,827582,0.0,Games,iOS
Sudoku.com - Brain Games,4.5,825738,0.0,Games,iOS
FaceApp - AI Face Editor,4.5,825560,0.0,Photo & Video,iOS
Tomb of the Mask,4.5,816342,0.0,Games,iOS
Mario Kart Tour,5.0,806471,0.0,Games,iOS
Trivia Crack,4.5,795953,0.0,Games,iOS
MADDEN NFL MOBILE FOOTBALL,4.5,791672,0.0,Games,iOS
CSR Racing 2 - #1 Racing Games,5.0,790110,0.0,Games,iOS
Call of Duty®: Mobile,5.0,789326,0.0,Games,iOS
Roku,4.5,788464,0.0,Entertainment,iOS
Minecraft,4.5,787112,6.99,Games,iOS
Mint: Personal Finance & Money,4.5,785903,0.0,Finance,iOS
Rise Up,4.5,785736,0.0,Games,iOS
Panera Bread,5.0,782815,0.0,Food & Drink,iOS
Solitaire·,4.5,780831,0.0,Games,iOS
U.S. Bank,4.5,774842,0.0,Finance,iOS
Angry Birds 2,4.5,773152,0.0,Games,iOS
Discord,5.0,770575,0.0,Social Networking,iOS
Coinbase – Buy & sell Bitcoin,4.5,762870,0.0,Finance,iOS
Sandbox Pixel Coloring,4.5,759318,0.0,Entertainment,iOS
Sonos Controller,4.5,751576,0.0,Music,iOS
CSR Racing,4.5,736291,0.0,Games,iOS
Crowd City,4.5,734338,0.0,Games,iOS
Injustice: Gods Among Us,4.5,732018,0.0,Games,iOS
SAP Concur,4.5,709807,0.0,Business,iOS
InShot - Video Editor,5.0,698293,0.0,Photo & Video,iOS
Yelp－Food & Services Around Me,4.0,697530,0.0,Travel,iOS
Merge Plane - Best Idle Game,5.0,696705,0.0,Games,iOS
Fruit Ninja Classic,4.5,696327,1.99,Games,iOS
Dragon City Mobile,4.5,682394,0.0,Games,iOS
Move the Box,4.5,674132,0.0,Games,iOS
Google Sheets,5.0,658467,0.0,Productivity,iOS
ESPN: Live Sports & Scores,4.0,656850,0.0,Sports,iOS
Groupon,4.5,645785,0.0,Shopping,iOS
"Libby, by OverDrive",5.0,638424,0.0,Book,iOS
Minion Rush,4.5,613172,0.0,Games,iOS
PNC Mobile Banking,5.0,599501,0.0,Finance,iOS
Marvel Contest of Champions,4.5,593557,0.0,Games,iOS
⋆Solitaire,4.5,583500,0.0,Games,iOS
"TuneIn - NFL, NBA & News Radio",4.5,578598,0.0,Music,iOS
AMAZE!!!,4.5,577898,0.0,Games,iOS
DoubleDown Casino Slots Games,4.5,571773,0.0,Games,iOS
Acorns: Invest Spare Change,4.5,568645,0.0,Finance,iOS
What's the Word? - words quiz,5.0,566916,0.0,Games,iOS
DragonVale,4.5,565924,0.0,Games,iOS
Temple Run 2,4.5,549722,0.0,Games,iOS
Clear Vision (17+),4.5,546390,0.99,Games,iOS
Brawl Stars,5.0,541540,0.0,Games,iOS
Smurfs' Village,4.5,539850,0.0,Games,iOS
Xbox,4.5,539743,0.0,Entertainment,iOS
Head Soccer,5.0,539102,0.0,Games,iOS
Asphalt 9: Legends,5.0,537798,0.0,Games,iOS
Kim Kardashian: Hollywood,4.5,536916,0.0,Games,iOS
Wattpad - Books & Stories,4.5,527436,0.0,Book,iOS
Colorfy: Coloring Art Game,5.0,526156,0.0,Entertainment,iOS
Homescapes,4.5,522178,0.0,Games,iOS
Xoom Money Transfer,5.0,521926,0.0,Finance,iOS
PAC-MAN,3.0,520139,0.0,Games,iOS
Sonic Dash,4.5,519922,0.0,Games,iOS
Plants vs. Zombies™ 2,4.5,517763,0.0,Games,iOS
Word Cookies!®,4.5,514152,0.0,Games,iOS
Scanner App: PDF Document Scan,4.5,514143,0.0,Business,iOS
Credit One Bank Mobile,4.5,506831,0.0,Finance,iOS
Amazon Music,4.5,505849,0.0,Music,iOS
"iHeart: Radio, Music, Podcasts",4.0,500916,0.0,Music,iOS
Snake VS Block,4.5,500490,0.0,Games,iOS
YOLO: Anonymous Q&A,4.5,500484,0.0,Social Networking,iOS
Wordscapes,5.0,500417,0.0,Games,iOS
Redfin Buy & Sell Real Estate,5.0,499780,0.0,Lifestyle,iOS
Panda Pop! Bubble Shooter Game,4.5,498760,0.0,Games,iOS
Flixster - Showtimes + Tickets,3.5,494316,0.0,Entertainment,iOS
Love Balls,4.5,489879,0.0,Games,iOS
Dig This!,4.5,489004,0.0,Games,iOS
Uber Driver,4.5,484846,0.0,Business,iOS
IMDb: Movies & TV Shows,4.5,482502,0.0,Entertainment,iOS
SONIC Drive-In,5.0,481998,0.0,Food & Drink,iOS
Netflix,3.5,479431,0.0,Entertainment,iOS
Fallout Shelter,4.5,478874,0.0,Games,iOS
Funimate Video Musical Editor,4.5,475582,0.0,Photo & Video,iOS
Idle Capitalist,5.0,475372,0.0,Games,iOS
Microsoft OneNote,4.5,474129,0.0,Productivity,iOS
Fun Race 3D,4.5,466286,0.0,Games,iOS
Dunkin',4.5,462134,0.0,Food & Drink,iOS
Jigsaw Puzzle,4.5,459279,0.0,Games,iOS
Design This Home,4.5,448177,0.0,Games,iOS
Casino Slots - House of Fun™,4.5,446871,0.0,Games,iOS
Words With Friends 2 Word Game,4.5,444111,0.0,Games,iOS
Color by Number：Coloring Games,5.0,442750,0.0,Games,iOS
Tiny Tower,4.5,439683,0.0,Games,iOS
Audiomack: Download New Music,5.0,437655,0.0,Music,iOS
Candy Crush Friends Saga,5.0,432421,0.0,Games,iOS
Jetpack Joyride,4.5,431255,0.0,Games,iOS
Township: Farm & City Building,4.5,423946,0.0,Games,iOS
Pixel Art - Color by Number,4.5,421301,0.0,Games,iOS
Stickman Hook,4.5,418631,0.0,Games,iOS
"Cash, Inc. Fame & Fortune Game",5.0,416881,0.0,Games,iOS
CBS Sports App Scores & News,4.5,415760,0.0,Sports,iOS
Magic Jigsaw Puzzles,4.5,414931,0.0,Games,iOS
Glassdoor Jobs - Job Search,4.5,414804,0.0,Business,iOS
NFL,4.5,413413,0.0,Sports,iOS
Remind: School Communication,5.0,410374,0.0,Education,iOS
NBA LIVE Mobile Basketball,4.5,410315,0.0,Games,iOS
"KAYAK Flights, Hotels & Cars",4.5,406600,0.0,Travel,iOS
Dune!,4.5,404765,0.0,Games,iOS
Family Dollar,5.0,399107,0.0,Shopping,iOS
Zynga Poker - Texas Holdem,4.5,395993,0.0,Games,iOS
Geometry Dash Lite,4.5,394402,0.0,Games,iOS
Doodle Jump,4.5,394078,0.99,Games,iOS
Flow Free,4.5,393309,0.0,Games,iOS
Fishdom,4.5,393305,0.0,Games,iOS
Candy Crush Soda Saga,4.5,392258,0.0,Games,iOS
DIRECTV App for iPad,4.5,391863,0.0,Entertainment,iOS
Goodreads: Book Reviews,4.5,381706,0.0,Book,iOS
TurboTax Tax Return App,5.0,380436,0.0,Finance,iOS
Color Bump 3D,4.5,376354,0.0,Games,iOS
Run Race 3D,4.5,375847,0.0,Games,iOS
Workday,4.5,375558,0.0,Business,iOS
Idle Miner Tycoon: Cash Empire,4.5,372099,0.0,Games,iOS
Color Road!,4.5,371679,0.0,Games,iOS
Seamless: Local Food Delivery,5.0,367017,0.0,Food & Drink,iOS
Gardenscapes,4.5,365762,0.0,Games,iOS
Allstate® Mobile,5.0,365743,0.0,Finance,iOS
Ink Inc. - Tattoo Drawing,4.5,365511,0.0,Games,iOS
Draw Something,4.5,364375,2.99,Games,iOS
U-verse,4.5,358707,0.0,Entertainment,iOS
Talking Tom Gold Run,4.5,358648,0.0,Games,iOS
Solitaire card games free cell,3.0,358521,0.0,Games,iOS
McDonald's,4.5,348474,0.0,Food & Drink,iOS
CNBC: Stock Market & Business,4.5,343203,0.0,News,iOS
Cinemark Theatres,5.0,342165,0.0,Entertainment,iOS
Genius Scan - PDF Scanner,5.0,342165,0.0,Business,iOS
Spinrilla - Mixtapes & Music,4.5,340467,0.0,Music,iOS
Fire Balls 3D,4.5,340377,0.0,Games,iOS
Crunchyroll,4.5,335172,0.0,Entertainment,iOS
Fruit Ninja®,4.5,334237,0.0,Games,iOS
Animal Crossing: Pocket Camp,5.0,332668,0.0,Games,iOS
ZipRecruiter Job Search,5.0,332126,0.0,Business,iOS
CamScanner-Scanner to scan PDF,5.0,328733,0.0,Productivity,iOS
Asphalt 8: Airborne,4.5,326973,0.0,Games,iOS
Quizlet,5.0,325662,0.0,Education,iOS
Tasty,5.0,324084,0.0,Food & Drink,iOS
Jimmy John’s Sandwiches,5.0,322014,0.0,Food & Drink,iOS
Mini Golf MatchUp,4.5,320319,0.0,Games,iOS
Slotomania™ Vegas Casino Slots,4.5,318778,0.0,Games,iOS
Clumsy Ninja,4.5,317957,0.0,Games,iOS
Unblock Me,3.5,317815,0.0,Games,iOS
Make Money - Earn Easy Cash,5.0,316922,0.0,Lifestyle,iOS
DRAGON BALL LEGENDS,5.0,311795,0.0,Games,iOS
U by BB&T,5.0,311555,0.0,Finance,iOS
Geometry Dash,5.0,306662,1.99,Games,iOS
theCHIVE,4.5,305908,0.0,Entertainment,iOS
Slices,4.5,302230,0.0,Games,iOS
NCAA March Madness Live,4.5,301673,0.0,Sports,iOS
Draw it,4.5,301571,0.0,Games,iOS
Design Home,4.5,301471,0.0,Games,iOS
Pocket Frogs,4.5,301247,0.0,Games,iOS
My Talking Tom,4.5,301044,0.0,Games,iOS
RetailMeNot: Coupons & Savings,5.0,299522,0.0,Shopping,iOS
Go Fish!,4.5,298279,0.0,Games,iOS
My Horse,4.5,297989,0.0,Games,iOS
Cash App,4.5,297687,0.0,Finance,iOS
Checkers ・,3.5,296037,0.0,Games,iOS
ABC – Live TV & Full Episodes,4.5,294821,0.0,Entertainment,iOS
My Singing Monsters,4.5,294372,0.0,Games,iOS
Pick Me Up™,4.5,290822,0.0,Games,iOS
Mobile Legends: Bang Bang,4.5,288287,0.0,Games,iOS
Big Fish Casino: Slots & Games,4.5,287563,0.0,Games,iOS
Jurassic World™: The Game,4.5,286990,0.0,Games,iOS
Agar.io,4.5,286584,0.0,Games,iOS
Stack Ball 3D,4.5,284061,0.0,Games,iOS
Capital One Mobile,4.5,283391,0.0,Finance,iOS
Tic Tac Toe ∙,3.5,282350,0.0,Games,iOS
Partymasters - Fun Idle Game,4.5,281841,0.0,Games,iOS
Rolly Vortex,4.5,281321,0.0,Games,iOS
Color Hole 3D,4.5,276316,0.0,Games,iOS
Star Wars™: Galaxy of Heroes,4.5,276029,0.0,Games,iOS
My Home - Design Dreams,4.5,274538,0.0,Games,iOS
Paycom,4.5,273968,0.0,Business,iOS
TapDefense,3.5,273497,0.0,Games,iOS
FreeCell Solitaire Card Game,4.5,273146,0.0,Games,iOS
Rescue Cut - Rope Puzzle,4.5,270673,0.0,Games,iOS
Plants vs. Zombies™,5.0,270050,0.0,Games,iOS
Hungry Shark World,4.5,264625,0.0,Games,iOS
Hoopla Digital,4.5,263988,0.0,Book,iOS
Ultimate Guitar: Chords & Tabs,5.0,262946,0.0,Music,iOS
Solitaire Ⓞ,4.5,261756,0.0,Games,iOS
Taco Bell,4.5,261066,0.0,Food & Drink,iOS
Pictoword: Fun Word Quiz Games,4.5,260508,0.0,Games,iOS
Blazin' Rewards,5.0,260373,0.0,Food & Drink,iOS
Star Wars™: Commander,4.5,259883,0.0,Games,iOS
Bejeweled Classic,4.5,258743,0.0,Games,iOS
Experian Credit Report,5.0,258315,0.0,Finance,iOS
GunApp,3.0,257681,0.0,Games,iOS
Shotgun Free,3.0,257151,0.0,Entertainment,iOS
YouTube Music,4.5,257007,0.0,Music,iOS
Yahoo Finance,4.5,256423,0.0,Finance,iOS
Rodeo Stampede: Sky Zoo Safari,4.5,255944,0.0,Games,iOS
StickWars Lite,3.5,255852,0.0,Games,iOS
Stack Jump,4.5,255804,0.0,Games,iOS
PewDiePie's Tuber Simulator,5.0,253511,0.0,Games,iOS
Schwab Mobile,5.0,253183,0.0,Finance,iOS
CATS: Crash Arena Turbo Stars,5.0,252710,0.0,Games,iOS
My Talking Tom 2,4.5,250887,0.0,Games,iOS
Google Home,4.5,249605,0.0,Lifestyle,iOS
▻ Solitaire,4.5,249118,0.0,Games,iOS
TENKYU,4.5,246525,0.0,Games,iOS
Words With Friends – Word Game,4.5,245696,0.0,Games,iOS
Solitaire by Solebon,3.5,241672,0.0,Games,iOS
Cooking Fever,4.5,241436,0.0,Games,iOS
Dave - Banking For Humans,5.0,240445,0.0,Finance,iOS
My Talking Angela,4.5,238929,0.0,Games,iOS
Affirm: A better way to pay,5.0,237851,0.0,Shopping,iOS
NFL Fantasy Football,4.5,237774,0.0,Sports,iOS
Photomath,5.0,235953,0.0,Education,iOS
Chilis,5.0,235880,0.0,Food & Drink,iOS
SoundHound - Music Discovery,4.5,235681,0.0,Music,iOS
AT&T THANKS®,4.5,234270,0.0,Lifestyle,iOS
Pyramid Solitaire - Card Game,4.5,234196,0.0,Games,iOS
Sniper Shooter: Gun Shooting,5.0,233932,0.0,Games,iOS
Square Bird.,4.5,233328,0.0,Games,iOS
⋆Spider Solitaire,4.5,233235,0.0,Games,iOS
WesternUnion US Money Transfer,5.0,232867,0.0,Finance,iOS
Cooking Craze: Restaurant Game,4.5,232076,0.0,Games,iOS
FarmVille 2: Country Escape,4.5,231703,0.0,Games,iOS
Blackboard,4.5,231682,0.0,Education,iOS
Looper!,4.5,230518,0.0,Games,iOS
Jigsaw Puzzle Collection HD,4.5,230510,0.0,Games,iOS
AFK Arena,4.5,230188,0.0,Games,iOS
Differences - Find them All,4.5,229922,0.0,Games,iOS
"Adobe Scan: PDF Scanner, OCR",5.0,229825,0.0,Business,iOS
Mi Banco Mobile,5.0,228919,0.0,Finance,iOS
Plague Inc.,4.5,228655,0.99,Games,iOS
Smule - The Social Singing App,4.5,228369,0.0,Music,iOS
Bejeweled Blitz,4.0,227835,0.0,Games,iOS
Archery Go - Bow&Arrow King,4.5,227363,0.0,Games,iOS
Word Search Pro‧,4.5,226053,0.0,Games,iOS
Drum Pad Machine - Beat Maker,4.5,226010,0.0,Games,iOS
T-Mobile Tuesdays,4.5,224918,0.0,Lifestyle,iOS
Hit it Rich! Casino Slots Game,4.5,224871,0.0,Games,iOS
"Afterpay - Shop Now, Pay Later",5.0,224730,0.0,Shopping,iOS
BBVA United States,5.0,222961,0.0,Finance,iOS
"MeetMe - Go Live, Chat & Meet",4.0,222428,0.0,Social Networking,iOS
Sling Drift,4.5,221975,0.0,Games,iOS
Tiny Wings,4.5,221703,1.99,Games,iOS
7 Little Words: Word Puzzles,5.0,220754,0.0,Games,iOS
Spider ▻ Solitaire,4.5,220588,0.0,Games,iOS
Farm Heroes Saga,4.5,219907,0.0,Games,iOS
TurboScan™ Pro: PDF scanner,5.0,219643,5.99,Business,iOS
Microsoft Teams,5.0,218872,0.0,Business,iOS
Jelly Shift,4.5,218580,0.0,Games,iOS
Diamond Dash: Gem Puzzle Game,4.5,217073,0.0,Games,iOS
Elevate - Brain Training,5.0,216334,0.0,Education,iOS
Gymnastics Superstar,4.5,213891,0.0,Games,iOS
Mystery Manor HD,4.0,213701,0.0,Games,iOS
iTunes Remote,3.5,213452,0.0,Entertainment,iOS
Modern Combat 5,4.5,213337,0.0,Games,iOS
Documents by Readdle,4.5,212824,0.0,Productivity,iOS
Sheep Launcher Free!,3.5,212157,0.0,Games,iOS
Flappy Dunk,4.5,212079,0.0,Games,iOS
Word Collect: Word Games,5.0,210333,0.0,Games,iOS
Need for Speed No Limits,4.5,209357,0.0,Games,iOS
"Egg, Inc.",5.0,209337,0.0,Games,iOS
Murphy Drive Rewards,5.0,209061,0.0,Shopping,iOS
Matchington Mansion,4.0,208920,0.0,Games,iOS
Dictionary.com: English Words,4.0,207948,0.0,Reference,iOS
Merge Dragons!,4.5,207753,0.0,Games,iOS
Titanic: The Mystery Room Escape Adventure Game,4.5,207547,0.0,Games,iOS
Football Strike,5.0,207374,0.0,Games,iOS
BuzzFeed,4.5,207052,0.0,News,iOS
Chess ∙,3.5,207047,0.0,Games,iOS
Word Crossy - A crossword game,4.5,206940,0.0,Games,iOS
Alibaba.com B2B Trade App,4.5,206735,0.0,Business,iOS
STARZ,4.5,205642,0.0,Entertainment,iOS
myVEGAS Slots – Casino Slots,4.5,204984,0.0,Games,iOS
Snowball.io™,5.0,204763,0.0,Games,iOS
Evernote Scannable,5.0,203759,0.0,Productivity,iOS
Sky Guide,5.0,203490,2.99,Reference,iOS
Voice Recorder & Audio Editor,4.5,200625,0.0,Utilities,iOS
Words Story,5.0,200376,0.0,Games,iOS
Battery Magic: Battery Life Battery Stats Battery Charge & Saver all in one!,3.5,199285,0.0,Business,iOS
Best Fiends - Puzzle Adventure,5.0,198968,0.0,Games,iOS
Shipt: Same Day Delivery,5.0,197983,0.0,Food & Drink,iOS
ABCmouse.com,4.5,196559,0.0,Education,iOS
From Zero to Hero: Cityman,5.0,195479,0.0,Games,iOS
Deer Hunter Challenge,4.0,195334,0.0,Games,iOS
Live Wallpapers Now,4.5,194045,0.0,Lifestyle,iOS
Sally's Spa Lite,4.0,193822,0.0,Games,iOS
Action Bowling Classic,3.0,193563,0.0,Games,iOS
Choices: Stories You Play,4.5,192562,0.0,Games,iOS
Knock Balls!,4.5,192115,0.0,Games,iOS
Draw In™,4.5,191969,0.0,Games,iOS
Gods of Boom,4.5,191847,0.0,Games,iOS
CodyCross: Crossword Puzzles,4.5,191795,0.0,Games,iOS
Enterprise Rent-A-Car,5.0,191725,0.0,Travel,iOS
Trending Music,4.5,191650,0.0,Music,iOS
SlideShow Maker Photo to Video,4.0,191416,0.0,Photo & Video,iOS
Bumper.io,4.5,191130,0.0,Games,iOS
Sudoku (Free),3.5,190513,0.0,Games,iOS
Favor - Anything Delivered,5.0,189813,0.0,Food & Drink,iOS
Zelle,5.0,189700,0.0,Finance,iOS
Cookie Jam: Top Match 3 Game,4.5,188882,0.0,Games,iOS
Trulia Rentals,5.0,188412,0.0,Lifestyle,iOS
Realtor.com Real Estate Search,4.5,188240,0.0,Lifestyle,iOS
Kick the Buddy: Forever,4.5,188037,0.0,Games,iOS
FOX NOW: Watch TV & Sports,4.5,188014,0.0,Entertainment,iOS
Flip Dunk,4.5,187957,0.0,Games,iOS
Pocket God,4.0,187610,0.99,Entertainment,iOS
World Series of Poker - WSOP,4.5,186978,0.0,Games,iOS
Beer Pong Game,2.0,186724,0.0,Games,iOS
Glow Hockey 2L,3.5,186485,0.0,Games,iOS
Mahjong!!,4.5,185831,0.0,Games,iOS
USPS Mobile®,4.5,185312,0.0,Business,iOS
Calculator‘,4.5,185221,0.0,Utilities,iOS
Jackpot Magic Slots™ & Casino,4.5,185093,0.0,Games,iOS
Talking Tom Cat,4.0,184743,0.0,Entertainment,iOS
Best VPN Proxy Betternet,4.5,184582,0.0,Productivity,iOS
Sushi Bar Idle,5.0,184545,0.0,Games,iOS
Disney Emoji Blitz,4.5,184344,0.0,Games,iOS
Jigsaw Puzzles - Puzzle Games,4.5,184272,0.0,Games,iOS
Hello Stars,4.5,184108,0.0,Games,iOS
Fling! Lite,3.5,184041,0.0,Games,iOS
Deer Hunter Classic,4.5,183897,0.0,Games,iOS
Digit: Save Money Easily,4.5,182177,0.0,Finance,iOS
Santander Bank US,4.5,182077,0.0,Finance,iOS
NFL SUNDAY TICKET,4.5,181599,0.0,Entertainment,iOS
"DAZN: Live Boxing, MMA & MLB",4.5,181496,0.0,Sports,iOS
Fairway Solitaire - Card Game,4.5,180926,0.0,Games,iOS
Atomic Fart FREE,3.0,179513,0.0,Entertainment,iOS
Word Search Unlimited Free,3.0,179417,0.0,Games,iOS
Bible App by Olive Tree,4.5,179285,0.0,Reference,iOS
Keeper Password Manager,4.5,178986,0.0,Productivity,iOS
Blue Letter Bible,5.0,177788,0.0,Reference,iOS
MRSOOL | مرسول,4.5,177350,0.0,Business,iOS
Epic! - Kids’ Books and Videos,4.5,176107,0.0,Education,iOS
Resy,5.0,175918,0.0,Food & Drink,iOS
Crazy Kick!,4.5,175902,0.0,Games,iOS
Scanner for Me: Scan documents,4.5,175764,0.0,Business,iOS
Piano Tiles ™,4.5,175662,0.0,Games,iOS
Wheel of Fortune: Free Play,4.5,174883,0.0,Games,iOS
Golf Battle,4.5,174807,0.0,Games,iOS
Chess - Play & Learn,4.5,174448,0.0,Games,iOS
UNICORN 3D: Color by Number,4.5,174220,0.0,Games,iOS
Dots + Boxes,3.0,173136,0.0,Games,iOS
High School Story,4.5,172757,0.0,Games,iOS
Lumosity: Brain Training,4.5,172211,0.0,Education,iOS
World Cup Table Tennis™ Lite,3.5,172006,0.0,Games,iOS
MyDISH Account,4.5,171553,0.0,Utilities,iOS
South Park: Phone Destroyer™,5.0,171299,0.0,Games,iOS
TopBuzz News: Breaking & Local,4.5,170734,0.0,News,iOS
The Tribez: Build a Village,4.5,170702,0.0,Games,iOS
Square Point of Sale (POS),4.5,170583,0.0,Business,iOS
TRUTH or DARE!!! - FREE,3.0,170499,0.0,Entertainment,iOS
Paper.io,4.5,170298,0.0,Games,iOS
Arcade Bowling™ LITE,3.5,168732,0.0,Games,iOS
CBS Sports Fantasy,4.5,168682,0.0,Sports,iOS
Cube Runner,3.5,168556,0.0,Games,iOS
Galaxy Attack: Alien Shooter,4.5,168116,0.0,Games,iOS
Vanguard,4.5,168026,0.0,Finance,iOS
Highway Rider,4.5,167715,0.0,Games,iOS
Dumb Ways to Die,4.5,167690,0.0,Games,iOS
Driving Academy 2020 Simulator,4.5,167554,0.0,Games,iOS
Papa John's Pizza,4.5,166326,0.0,Food & Drink,iOS
RAID: Shadow Legends,5.0,166176,0.0,Games,iOS
Clear Vision 3,4.5,166036,0.0,Games,iOS
Castle Wreck,4.5,165783,0.0,Games,iOS
Salesforce,4.5,165361,0.0,Business,iOS
Scatter Slots - Vegas Casino,4.5,165177,0.0,Games,iOS
SUBWAY®,4.5,165148,0.0,Food & Drink,iOS
Flip & Dive 3D,4.5,165117,0.0,Games,iOS
Slots Journey,4.5,164839,0.0,Games,iOS
aa,4.5,164731,0.0,Games,iOS
Shadow Fight 2,4.5,164537,0.0,Games,iOS
Bible.is - Audio Bibles,5.0,164049,0.0,Reference,iOS
Smash Hit,4.5,163736,0.0,Games,iOS
CBS - Full Episodes & Live TV,4.0,163033,0.0,Entertainment,iOS
2048,4.5,163004,0.0,Games,iOS
Coin Master,4.5,162534,0.0,Games,iOS
Amazing X-Ray FX ² LITE,2.0,160696,0.0,Sports,iOS
StyleSeat - Salon Appointments,5.0,160621,0.0,Lifestyle,iOS
Clean Road,4.5,160271,0.0,Games,iOS
Trivia Crack 2,4.5,160168,0.0,Games,iOS
Hunter Assassin,4.5,159734,0.0,Games,iOS
Tropical Rewards App,5.0,159716,0.0,Food & Drink,iOS
Guess the Movie: Icon Pop Quiz,5.0,159633,0.0,Games,iOS
my KONAMI - Real Vegas Slots,4.5,158757,0.0,Games,iOS
Credit Sesame,4.5,158690,0.0,Finance,iOS
TopBuzz Video - Trending Stuff,4.5,157733,0.0,Entertainment,iOS
Learn Languages with Memrise,5.0,157700,0.0,Education,iOS
Solitaire by MobilityWare,4.5,157133,4.99,Games,iOS
My Mixtapez Music,4.5,156843,0.0,Music,iOS
Zombieville USA Lite,4.0,156082,0.0,Games,iOS
Summoners War,4.5,155380,0.0,Games,iOS
Idle Roller Coaster,5.0,155350,0.0,Games,iOS
Solitaire (Classic Card Game),5.0,154746,0.0,Games,iOS
Photo Editor-,4.5,154582,0.0,Photo & Video,iOS
Viki: Asian TV Dramas & Movies,4.5,154324,0.0,Entertainment,iOS
Intune Company Portal,4.5,154162,0.0,Business,iOS
PLANK!,4.5,153728,0.0,Games,iOS
Rokie - Roku Remote,4.5,153575,0.0,Utilities,iOS
NYC Pay or Dispute,4.5,153303,0.0,Finance,iOS
Wooden Labyrinth 3D Free,3.5,153141,0.0,Games,iOS
Whataburger,5.0,152979,0.0,Food & Drink,iOS
Remitly: Transfer Money Abroad,5.0,152026,0.0,Finance,iOS
Simply Piano by JoyTunes,4.5,152019,0.0,Education,iOS
Soccer Stars - online football,4.5,151932,0.0,Games,iOS
Bingo Blitz™ - Bingo Games,4.5,151520,0.0,Games,iOS
Cookie Jam Blast™ Match 3 Game,4.5,150840,0.0,Games,iOS
Sand Balls,4.5,150604,0.0,Games,iOS
Archero,4.5,150592,0.0,Games,iOS
Iron Force,5.0,149976,0.0,Games,iOS
Disney Crossy Road,4.5,149897,0.0,Games,iOS
Wingstop,5.0,149855,0.0,Food & Drink,iOS
Drive and Park,4.5,149277,0.0,Games,iOS
Capital One CreditWise,5.0,149052,0.0,Finance,iOS
"7-Eleven, Inc.",5.0,148850,0.0,Food & Drink,iOS
Ball Mayhem,4.5,148730,0.0,Games,iOS
Magic Piano by Smule,4.0,148686,0.0,Music,iOS
Angry Birds POP!,4.5,148627,0.0,Games,iOS
Cooking Madness-Kitchen Frenzy,5.0,148556,0.0,Games,iOS
Bolt Browser and Documents,5.0,148314,0.0,Productivity,iOS
Cartoon Wars Lite,4.0,148041,0.0,Games,iOS
Splice - Video Editor & Maker,4.5,147931,0.0,Photo & Video,iOS
Google Classroom,4.5,147594,0.0,Education,iOS
Fios TV,4.5,147257,0.0,Entertainment,iOS
Geometry Dash Meltdown,4.5,147028,0.0,Games,iOS
Sex Jokes Free,3.0,146797,0.0,Entertainment,iOS
Solitaire  ‏‏‎‎‎‎ ‏‏‎‎‎‎,4.5,146455,0.0,Games,iOS
Slingshot Cowboy,2.5,145962,0.0,Games,iOS
Racing Penguin: Slide and Fly!,4.5,145706,0.0,Games,iOS
Stash: Invest. Bank. Save,4.5,145559,0.0,Finance,iOS
AroundMe,3.5,145360,0.0,Lifestyle,iOS
Emoji Me Animated Faces,4.5,145336,0.0,Entertainment,iOS
Night Sky,4.5,145248,0.0,Reference,iOS
Celebrity Guess: Icon Pop Quiz,4.5,145203,0.0,Games,iOS
PapiJump,3.5,144078,0.0,Games,iOS
Push'em all,4.5,143846,0.0,Games,iOS
Jurassic Park™ Builder,4.5,143427,0.0,Games,iOS
Classic Slots - Casino Games,5.0,142991,0.0,Games,iOS
Tree World™,4.5,142817,0.0,Games,iOS
State Farm®,4.5,142540,0.0,Finance,iOS
DocuSign - Upload & Sign Docs,5.0,142522,0.0,Productivity,iOS
Angry Birds Match 3,4.5,142403,0.0,Games,iOS
Split Pic Collage Maker Layout,4.5,142261,0.0,Photo & Video,iOS
Pimple Popper Lite,2.5,142189,0.0,Games,iOS
Genies & Gems: Puzzle & Quests,4.5,141883,0.0,Games,iOS
Peak - Brain Training,4.5,141737,0.0,Education,iOS
Trivia Crack (No Ads),4.5,141613,1.99,Games,iOS
Houseparty,4.5,141153,0.0,Social Networking,iOS
Rules of Survival,4.5,140422,0.0,Games,iOS
Wells Fargo for iPad,4.5,140365,0.0,Finance,iOS
Phonto - Text on Photos,5.0,140156,0.0,Photo & Video,iOS
Angry Birds Transformers,4.5,139622,0.0,Games,iOS
Icing on the Cake,4.5,138055,0.0,Games,iOS
Overkill,4.5,137967,0.0,Games,iOS
Covet Fashion,4.5,137765,0.0,Games,iOS
Fire Emblem Heroes,5.0,137639,0.0,Games,iOS
FOX Sports Super 6,5.0,136884,0.0,Sports,iOS
Pokémon Masters,4.5,136766,0.0,Games,iOS
Harry Potter: Wizards Unite,4.5,136331,0.0,Games,iOS
SongPop 1,4.5,136172,0.0,Games,iOS
Coin Dozer,4.0,135994,0.0,Games,iOS
Gametime - Last Minute Tickets,4.5,135688,0.0,Entertainment,iOS
Kinetic Balls,3.0,135667,0.0,Games,iOS
Esurance Mobile,5.0,135498,0.0,Utilities,iOS
⋆Sudoku,4.5,134069,0.0,Games,iOS
Hungry Shark Evolution,4.5,134056,0.0,Games,iOS
Party.io,4.5,133447,0.0,Games,iOS
Where's My Water?,4.5,133071,1.99,Games,iOS
Sweatcoin - It Pays To Walk,4.5,131977,0.0,Health & Fitness,iOS
National Car Rental,4.5,131930,0.0,Travel,iOS
Restaurant Story,4.0,131884,0.0,Games,iOS
Google Slides,4.5,131878,0.0,Productivity,iOS
Shut Up Button,3.0,131773,0.0,Entertainment,iOS
June's Journey: Hidden Objects,4.5,131666,0.0,Games,iOS
HQ - Trivia & Words,4.0,131594,0.0,Games,iOS
Collect Cubes,4.5,131282,0.0,Games,iOS
"8,500+ Drink Recipes",3.5,131029,0.0,Food & Drink,iOS
Hill Climb Racing,4.5,130872,0.0,Games,iOS
DMV Genie Permit Practice Test,5.0,130761,0.0,Education,iOS
Tricky Test 2™: Genius Brain?,5.0,130539,0.0,Games,iOS
Creative Destruction,4.5,130256,0.0,Games,iOS
Browser and Documents Manager,4.5,130237,0.0,Utilities,iOS
Fiverr - Freelance Services,5.0,130214,0.0,Business,iOS
Perfect Slices,4.5,130175,0.0,Games,iOS
Arcade Hoops Basketball™ Free,3.5,130055,0.0,Games,iOS
TMZ,4.0,129857,0.0,Entertainment,iOS
Farm Story™,4.0,129708,0.0,Games,iOS
Spades+,4.5,129423,0.0,Games,iOS
Jewel Mania™,4.5,129193,0.0,Games,iOS
iFunny – hot memes and videos,3.5,129052,0.0,Entertainment,iOS
Solitaire Blast – Fairway Card,4.5,128937,0.0,Games,iOS
WordTrip - Word count puzzles,4.5,128741,0.0,Games,iOS
Terrarium: Garden Idle,5.0,128704,0.0,Games,iOS
DoubleDown Classic Slots,4.5,128698,0.0,Games,iOS
Google Arts & Culture,4.5,128597,0.0,Entertainment,iOS
Hangman (Unlimited),3.0,128349,0.0,Games,iOS
Gangstar Vegas,4.5,128201,0.0,Games,iOS
QuickBooks Accounting,4.5,127711,0.0,Business,iOS
Super Mario Run,3.0,127635,0.0,Games,iOS
Bakery Story,4.0,126889,0.0,Games,iOS
Mega Jump,4.0,126735,0.0,Games,iOS
Color Pop Effects Photo Editor,4.5,125840,0.0,Photo & Video,iOS
Huntington Mobile,5.0,125383,0.0,Finance,iOS
TD Bank (US),4.5,125314,0.0,Finance,iOS
Picker 3D,4.5,124715,0.0,Games,iOS
BTS WORLD,5.0,124540,0.0,Games,iOS
Bubble Mania™,4.5,124348,0.0,Games,iOS
NOOK,4.5,124298,0.0,Book,iOS
GSN Casino: Slot Machine Games,4.5,124267,0.0,Games,iOS
Mahjong Journey®,4.5,124029,0.0,Games,iOS
MARVEL Strike Force: Squad RPG,4.5,123776,0.0,Games,iOS
Crown Solitaire: Card Game,4.5,123685,0.0,Games,iOS
Battle Disc,4.5,123648,0.0,Games,iOS
LinkedIn: Network & Job Finder,4.0,123176,0.0,Social Networking,iOS
Guess My Age  Math Magic,3.0,122663,0.0,Education,iOS
Pilot!,4.5,122532,0.0,Games,iOS
Funny Pics,3.0,122494,0.0,Entertainment,iOS
Words with EZ Cheats,4.5,122213,0.0,Entertainment,iOS
Find Differences: Detective,5.0,122086,0.0,Games,iOS
E*TRADE: Invest. Trade. Save.,4.5,122042,0.0,Finance,iOS
Call of Duty: Black Ops Zombies,4.5,122032,6.99,Games,iOS
Mixer - Interactive Streaming,4.5,121637,0.0,Entertainment,iOS
Beat the Boss 2,4.5,121550,0.0,Games,iOS
Gummy Drop! – Match & Restore,4.5,121386,0.0,Games,iOS
MiniPiano,3.0,121339,0.0,Music,iOS
Stencil Art - Spray Masters,4.5,121296,0.0,Games,iOS
Terraria,4.5,121261,4.99,Games,iOS
Slice — The Pizza App,5.0,121017,0.0,Food & Drink,iOS
Scanner Pro: PDF Scanner App,5.0,120960,3.99,Business,iOS
Bitmoji,4.5,120891,0.0,Utilities,iOS
Injustice 2,4.5,120683,0.0,Games,iOS
Solitaire - Grand Harvest,5.0,120413,0.0,Games,iOS
Disney Magic Kingdoms,4.5,120325,0.0,Games,iOS
Tennis Clash：Game of Champions,5.0,120293,0.0,Games,iOS
Dancing Line - Music Game,4.5,120173,0.0,Games,iOS
Sky Roller,5.0,119959,0.0,Games,iOS
Dubsmash - Videos & Music,4.5,119298,0.0,Photo & Video,iOS
Mad Libs,3.0,119225,0.0,Entertainment,iOS
NASCAR MOBILE,4.5,119018,0.0,Sports,iOS
Celebrity Voice Changer - Face,4.0,118842,0.0,Entertainment,iOS
Bingo Party - Bingo Games,4.5,118833,0.0,Games,iOS
CPlus for Craigslist,4.5,118780,0.0,Shopping,iOS
Stupidness 2,4.0,117838,0.0,Games,iOS
Jackpot Party - Casino Slots,4.5,117672,0.0,Games,iOS
Darts,3.0,117571,0.0,Games,iOS
City Fighter vs Street Gang,5.0,117491,0.0,Games,iOS
FallDown!,3.5,117443,0.0,Games,iOS
PGA Championship,4.5,116987,0.0,Sports,iOS
Brain Test: Tricky Puzzles,5.0,116983,0.0,Games,iOS
Minesweeper Puzzle Bomb,4.0,116711,0.0,Games,iOS
Pigment - Adult Coloring Book,4.5,116612,0.0,Entertainment,iOS
Fluid,3.0,116184,0.0,Entertainment,iOS
Sky Burger,4.5,115949,0.0,Games,iOS
AMC Theatres: Movies & More,4.5,115622,0.0,Entertainment,iOS
Flippy Race,4.5,115458,0.0,Games,iOS
What does MY NAME MEAN?,2.5,115445,0.0,Entertainment,iOS
Big Big Baller,4.5,115442,0.0,Games,iOS
Despicable Bear - Top Games,4.5,115436,0.0,Games,iOS
Fun Run 3 - Multiplayer Games,4.5,115363,0.0,Games,iOS
Idle Supermarket Tycoon - Shop,4.5,115303,0.0,Games,iOS
Stickman Skater Free,4.0,115297,0.0,Games,iOS
Forge of Empires: Build a City,4.5,115172,0.0,Games,iOS
My Story: Choose Your Own Path,4.5,115125,0.0,Games,iOS
House Flip,4.5,114969,0.0,Games,iOS
Game of War - Fire Age,4.0,114951,0.0,Games,iOS
Blackbox,5.0,114751,0.0,Games,iOS
Solitaire Deluxe® 2,4.5,113968,0.0,Games,iOS
StickBo,3.0,113810,0.0,Games,iOS
"10,500+ Cool Facts",3.5,113580,0.0,Entertainment,iOS
New York Times Crossword,4.5,113517,0.0,Games,iOS
Air Wings®,4.5,113368,0.0,Games,iOS
K.J.V. Holy Bible,5.0,113077,0.0,Education,iOS
Hollywood Story,4.5,112906,0.0,Games,iOS
Earnin - Get paid today,4.5,112806,0.0,Finance,iOS
Toddler puzzle games for kids,4.5,112798,0.0,Education,iOS
Royal Caribbean International,4.5,112741,0.0,Travel,iOS
Brave Frontier,4.5,112739,0.0,Games,iOS
Ellen's Road to Riches Slots,5.0,111964,0.0,Games,iOS
Color Therapy Coloring Number,5.0,111747,0.0,Book,iOS
Roller Splat!,4.0,111740,0.0,Games,iOS
Google Pay,5.0,111345,0.0,Finance,iOS
Bank of the West Mobile App,5.0,111006,0.0,Finance,iOS
Godus,4.5,110968,0.0,Games,iOS
WordWhizzle Search,4.5,110609,0.0,Games,iOS
Slot Machines 777 - Slots Era,4.5,110511,0.0,Games,iOS
Prisma Photo Editor,4.5,110369,0.0,Photo & Video,iOS
Paint Pop 3D,4.5,110291,0.0,Games,iOS
8fit Workouts & Meal Planner,4.5,110115,0.0,Health & Fitness,iOS
Adobe Acrobat Reader for PDF,4.5,109971,0.0,Business,iOS
That's What She Said,2.5,109803,0.0,Entertainment,iOS
ONE PIECE TREASURE CRUISE,5.0,109562,0.0,Games,iOS
Monster High™ Beauty Shop,4.5,109395,0.0,Games,iOS
Touch the wall,4.5,109372,0.0,Games,iOS
Collage Maker ◇,4.5,108805,0.0,Photo & Video,iOS
My Bakery Empire,4.5,108744,0.0,Games,iOS
Cooking Dash™,4.5,108672,0.0,Games,iOS
i Fishing Lite,3.0,108546,0.0,Games,iOS
Vudu - Movies & TV,4.5,108254,0.0,Entertainment,iOS
SpanishDict Translator,4.5,108198,0.0,Education,iOS
Guess the Code!,2.5,108040,0.0,Games,iOS
Fart World,3.0,108001,0.0,Entertainment,iOS
Sunday Lawn,3.5,107961,0.99,Games,iOS
Mafia City: War of Underworld,5.0,107872,0.0,Games,iOS
Atom - Movie Tickets & Times,5.0,107692,0.0,Entertainment,iOS
Cerebral hemispheres: how do you use your brain?,3.0,107074,0.0,Lifestyle,iOS
Brigit: Get $250. When Needed.,5.0,106966,0.0,Finance,iOS
DHgate-Online Wholesale Stores,4.5,106835,0.0,Shopping,iOS
DIY Fashion Star,4.5,106684,0.0,Games,iOS
NBC Sports,3.5,106681,0.0,Sports,iOS
Line Color 3D,4.5,106658,0.0,Games,iOS
Bingo Bash HD - Bingo & Slots,4.5,106631,0.0,Games,iOS
Woody Block Puzzle  ®,5.0,106274,0.0,Games,iOS
"Emoji Face, Stickers: Zmoji Me",4.5,105635,0.0,Entertainment,iOS
Bubble Witch 3 Saga,4.5,105258,0.0,Games,iOS
Dosh: Find Cash Back Deals,4.5,105116,0.0,Shopping,iOS
Cashman Casino Las Vegas Slots,4.5,104851,0.0,Games,iOS
Golf Star™,4.5,104771,0.0,Games,iOS
Paychex Flex,5.0,104581,0.0,Business,iOS
Ruzzle,4.5,104508,0.0,Games,iOS
Dragon Mania Legends - Fantasy,4.5,104431,0.0,Games,iOS
Action Movie FX,4.5,104345,0.0,Entertainment,iOS
Better Font-s Cool Keyboard-s,4.5,104086,0.0,Utilities,iOS
Stupid Zombies,4.5,103907,0.0,Games,iOS
Postmates - Fleet,4.5,103696,0.0,Business,iOS
Disney Frozen Free Fall,4.5,103581,0.0,Games,iOS
HOOKED,4.5,103574,0.0,Entertainment,iOS
Sling TV: Stream Live TV now,4.5,103532,0.0,Entertainment,iOS
⋆FreeCell,4.5,103502,0.0,Games,iOS
Shadow Fight 3,4.5,103396,0.0,Games,iOS
Premier League - Official App,5.0,103369,0.0,Sports,iOS
UNO!™,4.5,103107,0.0,Games,iOS
Shake Shack,5.0,102841,0.0,Food & Drink,iOS
Autodesk SketchBook,5.0,102695,0.0,Entertainment,iOS
Logos Bible Study Tools,4.5,102632,0.0,Reference,iOS
NBC News: Breaking & US News,4.5,102389,0.0,News,iOS
Epicurious,4.0,102110,0.0,Food & Drink,iOS
What Would You Choose? Rather,4.5,102052,0.0,Games,iOS
Four in a Row.,3.5,101860,0.0,Games,iOS
Guava Juice: Tub Tapper,5.0,101680,0.0,Games,iOS
i Peel Good,4.5,101666,0.0,Games,iOS
Hidden City,4.0,101406,0.0,Games,iOS
Wedding Dash,4.0,101233,0.0,Games,iOS
Puzzledom,4.5,101012,0.0,Games,iOS
Typorama: Text on Photo Editor,5.0,100874,0.0,Photo & Video,iOS
Monster Pet Shop,4.5,100800,0.0,Games,iOS
Sniper Strike: Shooting Game,4.5,100757,0.0,Games,iOS
Fish Food Frenzy Fun,2.5,100449,1.99,Games,iOS
Casino Games - Infinity Slots,4.5,100288,0.0,Games,iOS
Dance Clash: Ballet vs Hip Hop,4.5,100158,0.0,Games,iOS
69 Positions - Sex Positions,3.5,100143,0.0,Entertainment,iOS
Piano Tiles 2™ - Piano Game,4.5,100135,0.0,Games,iOS
Color Fill 3D,4.5,100079,0.0,Games,iOS
Bible Verse Collect,4.5,99959,0.0,Games,iOS
Letter Soup,4.5,99757,0.0,Games,iOS
Dunk Hit,4.5,99734,0.0,Games,iOS
SeatGeek - Buy Event Tickets,5.0,99500,0.0,Entertainment,iOS
Bible Coloring Paint by Number,5.0,99447,0.0,Entertainment,iOS
Flick Home Run !,4.5,98940,0.99,Games,iOS
Gold Fish Casino Slots Games,4.5,98661,0.0,Games,iOS
Tiny Village,4.5,98146,0.0,Games,iOS
OverDrive: eBooks & audiobooks,4.5,98138,0.0,Book,iOS
Socratic by Google,5.0,97910,0.0,Education,iOS
DEAD TRIGGER 2 Zombie Shooter,4.5,97694,0.0,Games,iOS
Twisty Road!,4.5,97394,0.0,Games,iOS
NYT Cooking,5.0,97338,0.0,Food & Drink,iOS
Chipotle,4.0,97159,0.0,Food & Drink,iOS
Chime - Mobile Banking,4.5,97083,0.0,Finance,iOS
Rat On The Run,3.0,97066,1.99,Games,iOS
myTuner Radio - Live Stations,4.5,97004,0.0,Music,iOS
HotSchedules,4.5,96820,2.99,Business,iOS
Restaurant DASH: Gordon Ramsay,4.5,96732,0.0,Games,iOS
iScanner: PDF Document Scanner,5.0,96722,14.99,Business,iOS
Road Riot Combat Racing,4.5,96242,0.0,Games,iOS
Splashy!,4.5,96072,0.0,Games,iOS
Deer Hunter 2018,4.5,96068,0.0,Games,iOS
Catcha Mouse,3.5,95886,0.0,Games,iOS
Mood Phone,2.0,95659,0.0,Entertainment,iOS
Sausage Flip,4.5,95548,0.0,Games,iOS
Solitaire TriPeaks Card Game,4.5,95477,0.0,Games,iOS
TowerMadness Zero,4.0,95475,0.0,Games,iOS
Cut the Rope,5.0,95245,0.0,Games,iOS
Angry Birds Dream Blast,4.5,94875,0.0,Games,iOS
Camera360-Selfie Photo Editor,4.5,94396,0.0,Photo & Video,iOS
LiveXLive,3.5,94228,0.0,Music,iOS
Mini Golf King - Multiplayer,4.5,94114,0.0,Games,iOS
BeyondMenu Food Delivery,5.0,94038,0.0,Food & Drink,iOS
Tank Stars,4.5,94023,0.0,Games,iOS
Siege Hero,5.0,93767,0.0,Games,iOS
StockX - Buy & Sell Authentic,4.5,93635,0.0,Shopping,iOS
Fish Tycoon Lite,3.0,93612,0.0,Games,iOS
Math Learner: Learning Games,4.5,93445,0.0,Education,iOS
Bikes Hill,4.5,93370,0.0,Games,iOS
Office Jerk,4.0,93370,0.0,Games,iOS
Bingo Showdown – Wild West,4.5,93247,0.0,Games,iOS
Spades *,4.5,93232,0.0,Games,iOS
Boxed In,3.5,93163,0.99,Games,iOS
Mathway,5.0,93041,0.0,Education,iOS
Castle Crush: Epic Card Games,5.0,92960,0.0,Games,iOS
Plumber Crack,4.5,91963,0.0,Games,iOS
Tracker Network for Fortnite,4.5,91866,0.0,Entertainment,iOS
Virtual Pool Lite,2.5,91809,1.99,Games,iOS
Lyft Driver,4.5,91807,0.0,Business,iOS
Ringtones for iPhone!,4.5,91753,0.0,Music,iOS
Caesars® Slot Machines Games,4.5,91654,0.0,Games,iOS
Hill Climb Racing 2,4.5,91517,0.0,Games,iOS
Stealth Tone,2.5,91470,0.0,Utilities,iOS
Flight Pilot Simulator 3D!,4.5,91443,0.0,Games,iOS
Puzzle Fuzzle,4.5,91287,0.0,Games,iOS
Dayforce,4.5,91267,0.0,Business,iOS
TickPick: No Fee Tickets,5.0,91202,0.0,Entertainment,iOS
Bejeweled Classic HD,4.5,91129,0.0,Games,iOS
GamePigeon,4.0,91127,0.0,Games,iOS
Snoopy Pop+ Bubble Blast Time,5.0,91075,0.0,Games,iOS
Tap Titans,4.5,91029,0.0,Games,iOS
Yu-Gi-Oh! Duel Links,5.0,91007,0.0,Games,iOS
DEAD TRIGGER: Survival Shooter,4.5,90975,0.0,Games,iOS
World of Tanks Blitz MMO,4.5,90777,0.0,Games,iOS
Barbie Magical Fashion,4.5,90671,0.0,Entertainment,iOS
Flying Arrow!,4.5,90517,0.0,Games,iOS
Pocket Tanks,4.0,90452,0.0,Games,iOS
Soap Cutting,4.5,90425,0.0,Games,iOS
Naval Warfare,5.0,90213,0.0,Games,iOS
My Cafe — Restaurant game,4.5,90177,0.0,Games,iOS
Tubi - Watch Movies & TV Shows,4.5,90154,0.0,Entertainment,iOS
Fingerzilla,3.0,90132,1.99,Games,iOS
JOOX Music,4.5,89932,0.0,Music,iOS
Daddy Long Legs,4.5,89829,0.0,Games,iOS
Heads Up!,5.0,89744,0.99,Games,iOS
Groovepad - Music & Beat Maker,5.0,89374,0.0,Music,iOS
AppTrailers,4.0,89322,0.0,Games,iOS
Bubble Shooter - Pop Bubbles,4.5,89209,0.0,Games,iOS
Majong Games,4.5,89170,0.0,Games,iOS
Live Nation – For Concert Fans,4.5,88946,0.0,Music,iOS
Paint.ly - Color by Number Art,4.5,88810,0.0,Games,iOS
Rolling Sky,4.5,88556,0.0,Games,iOS
Bubble Witch 2 Saga,4.5,88502,0.0,Games,iOS
Cool Fonts,4.5,88459,0.0,Utilities,iOS
mood finger scan,3.0,88442,0.0,Entertainment,iOS
Guess the Color - Logo Games,4.5,88259,0.0,Games,iOS
Idle Theme Park - Tycoon Game,4.5,88032,0.0,Games,iOS
HomeAway Vrbo Owner,4.5,87628,0.0,Travel,iOS
Shanghai Mahjong Lite,3.0,87470,0.0,Games,iOS
Cash Frenzy - Slots Casino,4.5,87017,0.0,Games,iOS
Stocks Tracker:Real-time stock,4.5,86954,0.0,Finance,iOS
Criminal Case,4.5,86931,0.0,Games,iOS
Word Search - Crossword Game,4.5,86598,0.0,Games,iOS
Origame,4.5,86563,0.0,Games,iOS
Dominos,4.5,86558,0.0,Games,iOS
Hangman・,3.0,86516,0.0,Games,iOS
Crossword – World's Biggest,4.5,86295,0.0,Games,iOS
Plants vs. Zombies™ Heroes,4.5,86201,0.0,Games,iOS
War Machines: Tank Army Games,5.0,86102,0.0,Games,iOS
Bee Factory!,5.0,86035,0.0,Games,iOS
What's the Word HD,5.0,85997,0.0,Games,iOS
Deer Hunter Reloaded,4.5,85971,0.0,Games,iOS
Fruit Pop!,4.5,85829,0.0,Games,iOS
Gin Rummy Best Card Game,4.5,85668,0.0,Games,iOS
Brain Out,4.5,85563,0.0,Games,iOS
Wendy’s,4.5,85432,0.0,Food & Drink,iOS
Crossword Jam: Fun Brain Game,5.0,85410,0.0,Games,iOS
Arvest Go Mobile Banking,5.0,85331,0.0,Finance,iOS
Candy Blast Mania,4.5,85096,0.0,Games,iOS
Dominos - Best Dominoes Game,4.5,85066,0.0,Games,iOS
Solitaire – Classic Klondike,4.5,85054,0.0,Games,iOS
Tango - Live Video Broadcasts,4.5,84965,0.0,Social Networking,iOS
DISH Anywhere,4.0,84801,0.0,Entertainment,iOS
2XL Supercross Lite,3.5,84662,0.0,Games,iOS
Head Ball 2,4.5,84625,0.0,Games,iOS
Paint by Number: Color Games,5.0,84552,0.0,Entertainment,iOS
PBA® Bowling Challenge,4.5,84476,0.0,Games,iOS
Live Wallpaper 4K,4.5,84156,0.0,Lifestyle,iOS
thinkorswim: Buy. Sell. Trade.,4.5,84114,0.0,Finance,iOS
Over: Design/Flyer/Story Maker,5.0,83910,0.0,Photo & Video,iOS
Talking Tom Pool - Puzzle Game,4.5,83816,0.0,Games,iOS
WhatsApp Business,5.0,83771,0.0,Business,iOS
Manic Marble Free,2.5,83661,0.0,Games,iOS
CA Lottery Official App,5.0,83648,0.0,Entertainment,iOS
3 Point Hoops® Basketball Free,2.5,83634,0.0,Games,iOS
Choice Hotels,4.5,83601,0.0,Travel,iOS
Bloomberg: Business News,4.0,83544,0.0,News,iOS
QuizUp®,4.5,83225,0.0,Games,iOS
Email - Edison Mail,4.5,83200,0.0,Productivity,iOS
Live Wallpapers for Me,4.5,83154,0.0,Entertainment,iOS
Yummly Recipes + Shopping List,5.0,83139,0.0,Food & Drink,iOS
Call of Duty: World at War Companion,3.0,83058,0.0,Utilities,iOS
Box — Cloud Content Management,4.5,82953,0.0,Business,iOS
FarmVille 2: Tropic Escape,4.5,82863,0.0,Games,iOS
Pearl’s Peril: Hidden Objects,4.5,82799,0.0,Games,iOS
Tornado.io!,5.0,82652,0.0,Games,iOS
Ghost Sniper : Zombie,4.5,82642,0.99,Games,iOS
Spades Royale - Live Card Game,5.0,82483,0.0,Games,iOS
Mematic - The Meme Maker,4.5,82272,0.0,Entertainment,iOS
Fashion Story™,4.0,82241,0.0,Games,iOS
Stack,4.5,82167,0.0,Games,iOS
Donatos,5.0,82120,0.0,Food & Drink,iOS
Wunderlist: To-Do List & Tasks,4.5,82031,0.0,Productivity,iOS
Burglar Alarm... FREE!,2.5,81543,0.0,Entertainment,iOS
Ice Age Village,4.5,80967,0.0,Games,iOS
Runway Free,3.0,80732,0.0,Games,iOS
Snaker.io !,4.5,80367,0.0,Games,iOS
Nyan Cat: Lost In Space,4.5,80349,0.0,Games,iOS
Cisco Webex Meetings,4.0,80276,0.0,Business,iOS
CamCard -Business Card Scanner,4.5,80247,0.0,Business,iOS
Zombieville USA 2,4.5,80049,0.99,Games,iOS
MemoryBlock,3.0,79967,0.0,Games,iOS
Daily Horoscope Plus® 2019,4.5,79884,0.0,Lifestyle,iOS
Talking Tom Cat 2,4.5,79872,0.0,Entertainment,iOS
Perfect Hit . . .,4.5,79786,0.0,Games,iOS
Test of Life: expectancy to live calculator in habits and genetics,3.0,79716,0.0,Entertainment,iOS
Egg!,4.5,79230,0.0,Games,iOS
"Good Pizza, Great Pizza",4.5,78958,0.0,Games,iOS
Learn Spanish 24/7 FREE Language Learning,3.0,78955,0.0,Education,iOS
Draw Car 3D,4.5,78703,0.0,Games,iOS
Edit Lab Picture Photo Editing,4.5,78607,0.0,Photo & Video,iOS
Newton's Cradle Classic Megamind Edition,3.0,78589,0.0,Entertainment,iOS
DRAGON BALL Z DOKKAN BATTLE,4.5,78230,0.0,Games,iOS
Showtime Anytime,4.5,78223,0.0,Entertainment,iOS
Lily’s Garden: Design & Relax,5.0,78186,0.0,Games,iOS
Darkness Rises: Adventure RPG,5.0,78059,0.0,Games,iOS
Pogo Games,4.0,77999,0.0,Games,iOS
Unicorn Chef Fun Cooking Games,4.5,77987,0.0,Games,iOS
Offroad Legends Sahara,4.5,77859,0.0,Games,iOS
PicPlayPost Movie Video Editor,4.5,77837,0.0,Photo & Video,iOS
Drag n Merge,4.5,77682,0.0,Games,iOS
FOX Sports: Watch Live,3.0,77650,0.0,Sports,iOS
Scanner Radio: Police & Fire,4.5,77552,0.0,News,iOS
Wallpapers & Themes for Me,4.5,77423,0.0,Entertainment,iOS
Pixel Sword Fish io,4.5,77393,0.0,Games,iOS
Jigsaw Puzzles Epic,4.5,77389,0.0,Games,iOS
Shadowgun Legends,5.0,77372,0.0,Games,iOS
Gin Rummy,4.5,77292,0.0,Games,iOS
Drive Ahead!,4.5,77056,0.0,Games,iOS
Beat Maker Go - Make Music,4.5,76986,0.0,Music,iOS
Photo Lab: Picture Editor App,4.5,76908,0.0,Photo & Video,iOS
Bingo Bash: Live Bingo & Slots,4.5,76823,0.0,Games,iOS
Logos Quiz - Guess the logos!,4.5,76655,0.0,Games,iOS
Freeform TV,4.0,76629,0.0,Entertainment,iOS
CSR Classics,4.5,76575,0.0,Games,iOS
Hit Tennis 2,2.5,76575,0.0,Games,iOS
Songkick Concerts,5.0,76518,0.0,Music,iOS
TD Ameritrade: Mobile Trader,4.5,76203,0.0,Finance,iOS
Infinite Word Search Puzzles,4.5,76080,0.0,Games,iOS
Chapters: Interactive Stories,4.5,76036,0.0,Games,iOS
Operate Now: Hospital,4.5,76015,0.0,Games,iOS
BigOven Recipes & Meal Planner,3.0,76003,0.0,Food & Drink,iOS
Clockmaker.,4.5,75767,0.0,Games,iOS
HD Wallpapers for Fortnite,4.5,75719,0.0,Lifestyle,iOS
Avakin Life – 3D Virtual World,4.5,75677,0.0,Games,iOS
Bubble Witch Saga,4.0,75670,0.0,Games,iOS
Cartoon Wars: Gunner Lite,4.0,75636,0.0,Games,iOS
Expensify: Receipts & Expenses,4.5,75570,0.0,Business,iOS
Let Me Out - Addictive Puzzle,4.5,75343,0.0,Games,iOS
Bejeweled Stars,4.5,75343,0.0,Games,iOS
MY LITTLE PONY: MAGIC PRINCESS,4.5,75337,0.0,Games,iOS
"FXNOW: Movies, Shows & Live TV",4.5,75322,0.0,Entertainment,iOS
Glow Draw!,3.0,75303,0.0,Entertainment,iOS
Trigger Fist,4.5,75129,0.0,Games,iOS
Lost Island: Blast Adventure,4.5,74861,0.0,Games,iOS
FreeCell ▻ Solitaire,4.5,74822,0.0,Games,iOS
Five Hoops,4.5,74759,0.0,Games,iOS
GUN ZOMBIE,4.5,74718,0.0,Games,iOS
Caesars Rewards,4.5,74702,0.0,Travel,iOS
Currency,4.0,74669,0.0,Travel,iOS
Jelly Splash: Fun Puzzle Game,4.5,74653,0.0,Games,iOS
Emoji>,4.5,74332,0.0,Entertainment,iOS
Miraculous Ladybug & Cat Noir,4.5,74328,0.0,Games,iOS
Pool,4.5,73760,0.0,Games,iOS
Cascade Gem & Jewel Adventure,4.5,73691,0.0,Games,iOS
Pluto TV - Live TV and Movies,4.5,73608,0.0,Entertainment,iOS
Slots - Pharaoh's Way,4.5,73391,0.0,Games,iOS
Cheat for Words With Friends,4.5,73347,0.0,Entertainment,iOS
Sandwich!,4.5,72873,0.0,Games,iOS
Shazam Encore,5.0,72853,0.0,Music,iOS
Patreon,5.0,72648,0.0,Entertainment,iOS
Documents (Office Docs),4.0,72559,0.0,Business,iOS
Logo Maker- Create a design,4.5,72412,0.0,Photo & Video,iOS
Lux Touch 3 - World Domination,3.5,72390,0.0,Games,iOS
Airplane!,4.5,72189,0.0,Games,iOS
Tips & Tricks - for iPhone,3.0,72150,0.0,Productivity,iOS
Jetpack Jump,4.5,72033,0.0,Games,iOS
Shooting Showdown,4.0,71981,0.0,Games,iOS
Super Stylist,4.5,71918,0.0,Games,iOS
Yazy yatzy dice game,4.5,71885,0.0,Games,iOS
Zoomerang - Dazz Cam Editor,4.5,71783,0.0,Photo & Video,iOS
Qapital: Save. Invest. Spend.,5.0,71643,0.0,Finance,iOS
Commerce Bank for iPhone,4.5,71566,0.0,Finance,iOS
SLOTS - Lucky Win Casino Games,2.0,71565,0.0,Games,iOS
Modern Combat Versus,4.5,71544,0.0,Games,iOS
Crazy Snowboard Free,3.5,71523,0.0,Games,iOS
Fire Rides,4.5,71497,0.0,Games,iOS
Drink Water Reminder N Tracker,4.5,71173,0.0,Health & Fitness,iOS
TUDN,4.5,71151,0.0,Sports,iOS
Cookie Clickers,4.5,71116,0.0,Games,iOS
RollerCoaster Tycoon® Touch™,4.5,71023,0.0,Games,iOS
Idle Heroes - Idle Games,5.0,71013,0.0,Games,iOS
WordBubbles!,4.5,70618,0.0,Games,iOS
Forge Ahead - Be a Blacksmith,4.5,70416,0.0,Games,iOS
Emoji Added - Christmas Emoji,4.5,70258,0.0,Entertainment,iOS
Hairstyle Try On,2.0,70154,0.0,Lifestyle,iOS
Imgur - Meme & GIF Maker,4.5,70152,0.0,Photo & Video,iOS
My Boo Virtual Pet & Mini Game,4.5,70066,0.0,Games,iOS
Tiny Piano - Free Songs to Play and Learn!,4.5,69955,0.0,Music,iOS
Gin Rummy Plus - Card Game,4.5,69640,0.0,Games,iOS
Notability,4.5,69162,8.99,Productivity,iOS
Robux For Roblox - Robuxat,4.5,68839,0.0,Entertainment,iOS
Super KO Boxing 2 Free,3.5,68592,0.0,Games,iOS
LINE: Disney Tsum Tsum,4.5,68509,0.0,Games,iOS
Talking Tom Cat 2 for iPad,4.0,68337,0.0,Entertainment,iOS
PictureThis - Plant Identifier,4.5,68233,0.0,Education,iOS
House Paint,4.5,68181,0.0,Games,iOS
Babbel – Learn Languages,4.5,68179,0.0,Education,iOS
WOW Pixel - Live Wallpapers,4.0,68172,0.0,Entertainment,iOS
"GuitarTuna: Guitar, Bass tuner",5.0,68106,0.0,Music,iOS
Ace Fishing: Wild Catch,4.5,68104,0.0,Games,iOS
Jeopardy! World Tour,4.5,68085,0.0,Games,iOS
Streamer for Chromecast,4.0,67916,0.0,Utilities,iOS
Idle Human,5.0,67914,0.0,Games,iOS
Heart of Vegas – Slots Casino,4.5,67865,0.0,Games,iOS
Gacha Life,4.5,67718,0.0,Games,iOS
PrankDial - #1 Prank Call App,4.5,67697,0.0,Entertainment,iOS
Jungle Crash Land,3.5,67626,0.99,Games,iOS
Kissing Test (FREE),3.5,67576,0.0,Entertainment,iOS
Mahjong+,5.0,67548,0.0,Games,iOS
Cooking Diary® Restaurant Game,5.0,67524,0.0,Games,iOS
Stump Me,4.5,67472,0.0,Games,iOS
People's United Bank Mobile,5.0,67451,0.0,Finance,iOS
Seeking Alpha: News & Analysis,4.5,67396,0.0,Finance,iOS
TV Guide Mobile,3.5,67257,0.0,Entertainment,iOS
Spectrum TV,3.5,67156,0.0,Entertainment,iOS
Hello Neighbor,4.0,67033,0.0,Games,iOS
Scribble Lite,3.0,66951,0.0,Entertainment,iOS
Cheerleader Champion Dance Off,4.5,66916,0.0,Games,iOS
Hoppy Frog,4.5,66842,0.0,Games,iOS
