Name,Category,Rating,Rating Count,Price,Platform
WhatsApp Messenger,Communication,4.3,125380770,0.0,Android
Instagram,Social,4.4,109593315,0.0,Android
Facebook,Social,4.1,105279686,0.0,Android
YouTube,Video Players & Editors,4.1,88579975,0.0,Android
Messenger ‚Äì Text and Video Chat for Free,Communication,4.2,75418942,0.0,Android
Garena Free Fire: BOOYAH Day,Games,4.2,68507088,0.0,Android
Clash of Clans,Games,4.5,54218724,0.0,Android
Subway Surfers,Games,4.4,34519744,0.0,Android
PUBG MOBILE METRO ROYALE,Games,4.2,33822865,0.0,Android
Google Play services,Tools,4.2,32425599,0.0,Android
Google Photos,Photography,4.5,30472376,0.0,Android
Clash Royale,Games,4.2,29944311,0.0,Android
Candy Crush Saga,Games,4.6,29910196,0.0,Android
TikTok,Social,4.5,28207013,0.0,Android
Google Chrome: Fast & Secure,Communication,4.2,26444937,0.0,Android
Snapchat,Social,4.3,24286765,0.0,Android
Mobile Legends: Bang Bang,Games,4.1,24108473,0.0,Android
"UC Browser- Free & Fast Video Downloader, News App",Communication,3.9,21758332,0.0,Android
Spotify: Listen to new music and play podcasts,Music & Audio,4.5,20845533,0.0,Android
8 Ball Pool,Games,4.4,20048123,0.0,Android
Roblox,Games,4.4,17633974,0.0,Android
Google,Tools,4.2,17237577,0.0,Android
"Safe Security -  Antivirus, Booster, Phone Cleaner",Tools,4.6,16802391,0.0,Android
Twitter,Social,4.3,16761402,0.0,Android
Facebook Lite,Social,4.1,16095886,0.0,Android
SHAREit - Transfer & Share,Tools,4.1,15154607,0.0,Android
Brawl Stars,Games,4.3,14852493,0.0,Android
Viber Messenger - Free Video Calls & Group Chats,Communication,4.4,14301062,0.0,Android
"Truecaller: Caller ID, block fraud & scam calls",Communication,4.4,14074045,0.0,Android
Pok√©mon GO,Games,4.1,14039319,0.0,Android
Flipkart Online Shopping App,Shopping,4.5,14028174,0.0,Android
Sniper 3D: Fun Free Online FPS Shooting Game,Games,4.4,13734500,0.0,Android
Shadow Fight 2,Games,4.6,13595950,0.0,Android
LINE: Free Calls & Messages,Communication,4.1,12581069,0.0,Android
My Talking Angela,Games,4.2,12467333,0.0,Android
Maps - Navigate & Explore,Travel & Local,4.1,12451778,0.0,Android
VivaVideo - Video Editor & Video Maker,Video Players & Editors,4.4,12338217,0.0,Android
Hay Day,Games,4.4,11786923,0.0,Android
Call of Duty¬Æ: Mobile,Games,4.5,11675233,0.0,Android
Google Play Games,Entertainment,4.3,11424624,0.0,Android
Pou,Games,4.3,11326241,0.0,Android
Skype - free IM & video calls,Communication,4.3,11265953,0.0,Android
Wish - Shopping Made Fun,Shopping,4.4,10810840,0.0,Android
"AliExpress - Smarter Shopping, Better Living",Shopping,4.5,10643670,0.0,Android
Minion Rush: Despicable Me Official Game,Games,4.4,10620550,0.0,Android
Mercado Libre: compra f√°cil y r√°pido,Shopping,4.8,10468243,0.0,Android
Netflix,Entertainment,4.4,10461399,0.0,Android
Duolingo: Learn Languages Free,Education,4.6,10199634,0.0,Android
"PicsArt Photo Editor: Pic, Video & Collage Maker",Photography,4.2,10079657,0.0,Android
Gardenscapes,Games,4.3,10018367,0.0,Android
MX Player,Video Players & Editors,4.3,9999643,0.0,Android
Hill Climb Racing,Games,4.3,9947643,0.0,Android
Temple Run 2,Games,4.2,9424407,0.0,Android
MyJio: For Everything Jio,Productivity,4.3,9420830,0.0,Android
"Asphalt 8 Racing Game - Drive, Drift at Real Speed",Games,4.3,9393329,0.0,Android
Likee - Let You Shine,Video Players & Editors,4.3,9268434,0.0,Android
Homescapes,Games,4.3,9224393,0.0,Android
Farm Heroes Saga,Games,4.6,8843953,0.0,Android
ZEDGE‚Ñ¢ Wallpapers & Ringtones,Personalization,4.5,8367531,0.0,Android
Video Editor & Video Maker - InShot,Photography,4.8,8188547,0.0,Android
Gmail,Communication,4.4,8164590,0.0,Android
Township,Games,4.3,8027574,0.0,Android
"Waze - GPS, Maps, Traffic Alerts & Live Navigation",Maps & Navigation,4.4,8004849,0.0,Android
"Paytm -UPI, Money Transfer, Recharge, Bill Payment",Finance,4.4,7958711,0.0,Android
Dragon City,Games,4.6,7950274,0.0,Android
Candy Crush Soda Saga,Games,4.6,7818690,0.0,Android
Uber - Request a ride,Maps & Navigation,4.4,7692448,0.0,Android
GO Launcher - 3D parallax Themes & HD Wallpapers,Personalization,4.5,7561312,0.0,Android
Lazada 12.12 Year End Sale,Shopping,4.5,7558653,0.0,Android
Google Translate,Tools,4.5,7525739,0.0,Android
VK ‚Äî live chatting & free calls,Social,3.3,7460918,0.0,Android
Traffic Rider,Games,4.4,7343144,0.0,Android
Opera Mini - fast web browser,Communication,4.3,7274316,0.0,Android
Pinterest,Lifestyle,4.6,7229303,0.0,Android
Trivia Crack,Games,4.2,7133184,0.0,Android
"AVG AntiVirus Free & Mobile Security, Photo Vault",Tools,4.7,7027711,0.0,Android
Hungry Shark Evolution,Games,4.4,7010986,0.0,Android
FIFA Soccer,Games,4.0,6936849,0.0,Android
Gboard - the Google Keyboard,Tools,4.5,6918611,0.0,Android
B612 - Beauty & Filter Camera,Photography,4.3,6874486,0.0,Android
Google Drive,Productivity,4.3,6809671,0.0,Android
Geometry Dash Lite,Games,4.3,6776857,0.0,Android
Google Duo - High Quality Video Calls,Communication,4.5,6739494,0.0,Android
Score! Hero,Games,4.2,6630590,0.0,Android
Ludo King‚Ñ¢,Games,4.3,6602986,0.0,Android
Telegram,Communication,4.5,6381411,0.0,Android
"Avast Antivirus ‚Äì Scan & Remove Virus, Cleaner",Tools,4.7,6378776,0.0,Android
slither.io,Games,4.1,6350086,0.0,Android
Currents,Social,4.1,6324382,0.0,Android
–°–±–µ—Ä–ë–∞–Ω–∫ –û–Ω–ª–∞–π–Ω,Finance,4.7,6269426,0.0,Android
Retrica - The Original Filter Camera,Photography,4.4,6211484,0.0,Android
"Grab - Transport, Food Delivery, Payments",Maps & Navigation,4.4,6088890,0.0,Android
Gangstar Vegas: World of Crime,Games,4.3,6057013,0.0,Android
Boom Beach,Games,4.4,6015398,0.0,Android
Traffic Racer,Games,4.5,5947292,0.0,Android
WeChat,Communication,3.6,5928989,0.0,Android
"dfndr security: antivirus, anti-hacking & cleaner",Tools,4.5,5885094,0.0,Android
Dr. Driving,Games,4.2,5883065,0.0,Android
"APUS Launcher: Themes, Hide Apps, Live Wallpapers",Personalization,4.5,5869348,0.0,Android
Zombie Tsunami,Games,4.4,5744708,0.0,Android
Lords Mobile: Kingdom Wars,Games,4.3,5736182,0.0,Android
Pixel Gun 3D: FPS Shooter & Battle Royale,Games,4.2,5567004,0.0,Android
eFootball PES 2021,Games,4.2,5554346,0.0,Android
"PhonePe ‚Äì UPI, Recharges, Investments & Insurance",Finance,4.4,5543664,0.0,Android
Microsoft Outlook: Organize Your Email & Calendar,Productivity,4.5,5528550,0.0,Android
Angry Birds 2,Games,4.4,5526067,0.0,Android
"Microsoft Word: Write, Edit & Share Docs on the Go",Productivity,4.4,5487830,0.0,Android
Google Play Music,Music & Audio,3.4,5434994,0.0,Android
"VideoShow Video Editor, Video Maker, Photo Editor",Video Players & Editors,4.6,5357671,0.0,Android
Fruit Ninja¬Æ,Games,4.3,5320465,0.0,Android
"HAGO - Hangout Virtually: Game, Chat, Live",Social,4.3,5300236,0.0,Android
Yahoo Mail ‚Äì Organized Email,Communication,4.5,5255940,0.0,Android
"Badoo ‚Äî Dating App to Chat, Date & Meet New People",Social,4.0,5219069,0.0,Android
Sonic Dash - Endless Running & Racing Game,Games,4.6,5143663,0.0,Android
SimCity BuildIt,Games,4.4,5124692,0.0,Android
Camera360 - Photo Editor + Camera & Sweet selfies,Photography,4.4,4980672,0.0,Android
Plants vs. Zombies FREE,Games,4.3,4964152,0.0,Android
Castle Clash: Guild Royale,Games,4.1,4903391,0.0,Android
Jetpack Joyride,Games,4.5,4886754,0.0,Android
Bowmasters,Games,4.5,4775680,0.0,Android
"GO Keyboard - Cute Emojis, Themes and GIFs",Tools,4.5,4761696,0.0,Android
Coin Master,Games,4.3,4664550,0.0,Android
BeautyPlus - Easy Photo Editor & Selfie Camera,Photography,4.4,4619977,0.0,Android
Temple Run,Games,4.1,4608035,0.0,Android
UC Mini-Download Video Status & Movies,Communication,4.0,4606326,0.0,Android
Parallel Space - Multiple accounts & Two face,Personalization,4.5,4590457,0.0,Android
"SoundCloud - Play Music, Audio & New Songs",Music & Audio,4.5,4582554,0.0,Android
Smash Hit,Games,4.5,4530000,0.0,Android
¬µTorrent¬Æ- Torrent Downloader,Video Players & Editors,4.6,4524743,0.0,Android
zomato - online food delivery & restaurant reviews,Food & Drink,4.0,4458966,0.0,Android
Fishdom,Games,4.4,4448642,0.0,Android
Crossy Road,Games,4.5,4437143,0.0,Android
Cooking Fever,Games,4.3,4379538,0.0,Android
Android System WebView,Tools,4.1,4342585,0.0,Android
Talking Tom Gold Run,Games,4.4,4342264,0.0,Android
Need for Speed‚Ñ¢ No Limits,Games,4.1,4341111,0.0,Android
Banana Kong,Games,4.6,4340994,0.0,Android
CSR Racing 2 ‚Äì Free Car Racing Game,Games,4.6,4293965,0.0,Android
Tiny Flashlight + LED,Tools,4.5,4267253,0.0,Android
Turbo VPN- Free VPN Proxy Server & Secure Service,Tools,4.5,4256497,0.0,Android
"Adobe Acrobat Reader: PDF Viewer, Editor & Creator",Productivity,4.6,4251451,0.0,Android
"BIGO LIVE‚ÄìLive Stream, Live Chat, Go Live",Social,4.3,4250212,0.0,Android
Top Eleven 2020 -  Be a soccer manager,Games,4.6,4248493,0.0,Android
Criminal Case,Games,4.5,4237066,0.0,Android
Messenger Lite: Free Calls & Messages,Communication,4.2,4140608,0.0,Android
War Robots. 6v6 Tactical Multiplayer Battles,Games,4.1,4132144,0.0,Android
"Tinder - Dating, Make Friends and Meet New People",Lifestyle,3.4,4094435,0.0,Android
"Airtel Thanks - Recharge, Bill Pay, Bank, Live TV",Productivity,4.2,4091854,0.0,Android
MORTAL KOMBAT: The Ultimate Fighting Game!,Games,4.2,4071730,0.0,Android
Agar.io,Games,4.0,4049697,0.0,Android
My Cafe ‚Äî Restaurant game,Games,4.5,3986611,0.0,Android
Wattpad - Read & Write Stories,Books & Reference,3.8,3985290,0.0,Android
DEER HUNTER CLASSIC,Games,4.4,3983011,0.0,Android
Smule: Social Karaoke Singing,Music & Audio,3.9,3970493,0.0,Android
Hill Climb Racing 2,Games,4.4,3948731,0.0,Android
Last Day on Earth: Survival,Games,4.3,3948195,0.0,Android
YouCam Makeup-Magic Selfie Cam & Virtual Makeovers,Photography,4.5,3946106,0.0,Android
Shazam: Discover songs & lyrics in seconds,Music & Audio,4.4,3917781,0.0,Android
Brain Out ‚Äì Can you pass it?,Games,4.4,3877347,0.0,Android
Tango - Live Video Broadcasts and Streaming Chats,Social,4.4,3850998,0.0,Android
SimSimi,Entertainment,4.3,3813309,0.0,Android
Twitch: Livestream Multiplayer Games & Esports,Entertainment,4.6,3808535,0.0,Android
"MyTelkomsel ‚Äì Check & Buy Packages, Redeem POIN",Tools,3.8,3805892,0.0,Android
"Canva: Graphic Design, Video Collage, Logo Maker",Art & Design,4.7,3794400,0.0,Android
Minecraft,Games,4.5,3773087,6.99,Android
"Firefox Browser: fast, private & safe web browser",Communication,3.9,3724650,0.0,Android
Files by Google: Clean up space on your phone,Tools,4.6,3706643,0.0,Android
Microsoft SwiftKey Keyboard,Productivity,4.3,3631006,0.0,Android
"Gojek - Ojek Taxi Booking, Delivery and Payment",Travel & Local,4.2,3596781,0.0,Android
Gaana Music Hotshots Hindi Song Free Tamil MP3 App,Music & Audio,4.3,3591890,0.0,Android
Brain Test: Tricky Puzzles,Games,4.6,3583430,0.0,Android
"eBay - Buy, sell and discover deals on top brands",Shopping,4.7,3558888,0.0,Android
Tumblr,Social,4.4,3518283,0.0,Android
Grow Empire: Rome,Games,4.5,3508622,0.0,Android
"Candy Camera - selfie, beauty camera, photo editor",Photography,4.4,3503393,0.0,Android
Opera browser with free VPN,Communication,4.5,3482996,0.0,Android
Kaspersky Mobile Antivirus: AppLock & Web Security,Tools,4.8,3457108,0.0,Android
"KineMaster - Video Editor, Video Maker",Video Players & Editors,4.4,3456148,0.0,Android
Pet Rescue Saga,Games,4.6,3452500,0.0,Android
Standoff 2,Games,4.6,3406413,0.0,Android
World of Tanks Blitz PVP MMO 3D tank game for free,Games,4.3,3392171,0.0,Android
"FaceApp: Easy Selfie Editor, Beauty & Video",Photography,4.6,3390986,0.0,Android
Modern Combat 5: eSports FPS,Games,4.1,3376034,0.0,Android
Plague Inc.,Games,4.4,3369170,0.0,Android
Fallout Shelter,Games,4.6,3350956,0.0,Android
Talking Tom Cat 2,Entertainment,4.4,3310529,0.0,Android
WhatsApp Wallpaper,Personalization,4.1,3306308,0.0,Android
Bitmoji,Entertainment,4.6,3301113,0.0,Android
Episode - Choose Your Story,Games,4.2,3288937,0.0,Android
"Pandora - Streaming Music, Radio & Podcasts",Music & Audio,4.3,3256297,0.0,Android
iFood Delivery de Comida e Mercado,Food & Drink,4.8,3230410,0.0,Android
Monster Legends: Breed & Merge Heroes Battle Arena,Games,4.5,3216564,0.0,Android
WhatsApp Business,Communication,4.3,3166422,0.0,Android
Uber Eats: Food Delivery,Food & Drink,4.4,3142156,0.0,Android
ColorNote Notepad Notes,Productivity,4.8,3114861,0.0,Android
CamScanner - Scanner to scan PDF,Productivity,4.5,3107253,0.0,Android
My Talking Tom 2,Games,4.3,3086078,0.0,Android
DEAD TRIGGER 2 - Zombie Game FPS shooter,Games,4.5,3080963,0.0,Android
Bid Wars - Storage Auctions and Pawn Shop Tycoon,Games,4.4,3069876,0.0,Android
Myntra Online Shopping App - Shop Fashion & more,Shopping,4.3,3062246,0.0,Android
Marvel Contest of Champions,Games,4.2,3058878,0.0,Android
Toon Blast,Games,4.6,3010943,0.0,Android
Idle Miner Tycoon - Mine Manager Simulator,Games,4.6,3008031,0.0,Android
Granny,Games,4.2,2997517,0.0,Android
Kick the Buddy,Games,4.0,2948261,0.0,Android
Bubble Witch 2 Saga,Games,4.6,2942941,0.0,Android
Mobizen Screen Recorder,Productivity,4.2,2939434,0.0,Android
EA SPORTS UFC¬Æ,Games,4.4,2933598,0.0,Android
"GO SMS Pro - Messenger, Free Themes, Emoji",Communication,4.5,2932675,0.0,Android
KakaoTalk: Free Calls & Text,Communication,4.1,2929948,0.0,Android
"Xender - Share Music&Video,Status Saver,Transfer",Tools,4.0,2928696,0.0,Android
Mini Militia - Doodle Army 2,Games,4.1,2923649,0.0,Android
Banco do Brasil,Finance,4.7,2913891,0.0,Android
Bowling King,Games,4.6,2907594,0.0,Android
Bike Race Free - Top Motorcycle Racing Games,Games,4.3,2905711,0.0,Android
"Microsoft Excel: View, Edit, & Create Spreadsheets",Productivity,4.4,2896014,0.0,Android
myIM3 - Bonus Quota 100GB,Tools,4.4,2893697,0.0,Android
Joom. Shopping for every day.,Shopping,4.6,2886235,0.0,Android
DragonFlight,Games,4.2,2873206,0.0,Android
FarmVille 2: Country Escape,Games,4.4,2864721,0.0,Android
Avakin Life - 3D Virtual World,Games,4.3,2860792,0.0,Android
Shadow Fight 3 - RPG fighting game,Games,4.1,2856478,0.0,Android
"Solo Launcher-Clean,Smooth,DIY",Personalization,4.3,2849971,0.0,Android
World Cricket Championship 2 - WCC2,Games,4.3,2846240,0.0,Android
Special Forces Group 2,Games,4.3,2841957,0.0,Android
MARVEL Future Fight,Games,4.0,2841672,0.0,Android
Toy Blast,Games,4.6,2814821,0.0,Android
"Booking.com: Hotels, Apartments & Accommodation",Travel & Local,4.7,2812077,0.0,Android
"The Bible App Free + Audio, Offline, Daily Study",Books & Reference,4.8,2810580,0.0,Android
Samsung Internet Browser,Communication,4.4,2804492,0.0,Android
AFK Arena,Games,4.6,2804175,0.0,Android
Akinator,Entertainment,4.5,2797020,0.0,Android
Drag Racing,Games,4.4,2680633,0.0,Android
Google Earth,Travel & Local,4.4,2671296,0.0,Android
"YouCut - Video Editor & Video Maker, No Watermark",Video Players & Editors,4.8,2665733,0.0,Android
Gacha Life,Games,4.5,2658934,0.0,Android
Dragon Mania Legends,Games,4.4,2642039,0.0,Android
Carrom Pool: Disc Game,Games,4.2,2636895,0.0,Android
"GO Keyboard Lite - Emoji keyboard, Free Theme, GIF",Personalization,4.4,2632273,0.0,Android
"94% - Quiz, Trivia & Logic",Games,4.5,2606572,0.0,Android
CATS: Crash Arena Turbo Stars,Games,4.4,2587846,0.0,Android
Flight Pilot Simulator 3D Free,Games,4.2,2575590,0.0,Android
Amino: Communities and Chats,Social,4.5,2539083,0.0,Android
"JioSaavn Music & Radio ‚Äì JioTunes, Podcasts, Songs",Music & Audio,3.8,2534740,0.0,Android
"Dolphin Browser - Fast, Private & Adblocküê¨",Communication,4.1,2533374,0.0,Android
HP Print Service Plugin,Productivity,4.4,2531416,0.0,Android
Zynga Poker ‚Äì Free Texas Holdem Online Card Games,Games,4.3,2527726,0.0,Android
Injustice: Gods Among Us,Games,4.4,2525639,0.0,Android
"WPS Office - Free Office Suite for Word,PDF,Excel",Productivity,4.6,2520221,0.0,Android
AccuWeather: Live weather maps & local forecast,Weather,4.2,2518622,0.0,Android
Cut the Rope FULL FREE,Games,4.5,2518020,0.0,Android
Kik,Communication,4.0,2497597,0.0,Android
CSR Racing,Games,4.5,2487871,0.0,Android
"Cymera Camera - Collage, Selfie Camera, Pic Editor",Photography,4.6,2483110,0.0,Android
Weather & Clock Widget for Android,Weather,4.5,2482937,0.0,Android
OK,Social,4.3,2467998,0.0,Android
Samsung Gallery,Photography,4.6,2444387,0.0,Android
Bubble Witch 3 Saga,Games,4.6,2441529,0.0,Android
Swamp Attack,Games,4.5,2413653,0.0,Android
Backgrounds HD (Wallpapers),Personalization,4.5,2403589,0.0,Android
Screen Recorder & Video Recorder - XRecorder,Video Players & Editors,4.7,2398573,0.0,Android
101 Y√ºzbir Okey Plus,Games,4.2,2391927,0.0,Android
"Discord - Talk, Video Chat & Hang Out with Friends",Communication,4.5,2361727,0.0,Android
Calorie Counter - MyFitnessPal,Health & Fitness,4.4,2360756,0.0,Android
GUNSHIP BATTLE: Helicopter 3D,Games,4.2,2358433,0.0,Android
Photo Lab Picture Editor & Art Face Editing Filter,Photography,4.4,2356343,0.0,Android
Real Steel World Robot Boxing,Games,4.5,2350469,0.0,Android
Android Accessibility Suite,Tools,4.2,2345955,0.0,Android
"Helo - Discover, Share & Communicate",Social,4.0,2339701,0.0,Android
Pooking - Billiards City,Games,4.4,2334042,0.0,Android
NBA LIVE Mobile Basketball,Games,4.2,2324760,0.0,Android
"Deezer Music Player: Songs, Playlists & Podcasts",Music & Audio,4.4,2316390,0.0,Android
Microsoft Teams,Business,4.2,2315646,0.0,Android
iMobile by ICICI Bank,Finance,4.4,2315272,0.0,Android
Clash of Kings : Newly Presented Knight System,Games,4.1,2313119,0.0,Android
Google Text-to-Speech,Tools,4.3,2292232,0.0,Android
Cut the Rope 2,Games,4.6,2288343,0.0,Android
Google Street View,Travel & Local,4.2,2274422,0.0,Android
Weather & Snow Tracker: The Weather Channel,Weather,4.6,2272325,0.0,Android
Summoners War,Games,4.3,2267021,0.0,Android
Eternium,Games,4.8,2263170,0.0,Android
Amazon Prime Video,Entertainment,4.3,2254674,0.0,Android
Happy Color‚Ñ¢ ‚Äì Color by Number,Games,4.6,2247113,0.0,Android
New Star Soccer,Games,4.6,2236268,0.0,Android
Word Cookies!¬Æ,Games,4.6,2235358,0.0,Android
The Tribez: Build a Village,Games,4.4,2215147,0.0,Android
–ú–æ–π –ú–¢–°,Tools,4.5,2204519,0.0,Android
"Safe Security Lite - Booster, Cleaner, AppLock",Tools,4.6,2195043,0.0,Android
Critical Ops: Online Multiplayer FPS Shooting Game,Games,4.2,2192648,0.0,Android
"iHeartRadio: Radio, Podcasts & Music On Demand",Music & Audio,4.6,2190361,0.0,Android
Talking Tom Cat,Games,4.0,2165585,0.0,Android
Red Ball 4,Games,4.4,2155247,0.0,Android
Yono Lite SBI - Mobile Banking,Finance,4.5,2129506,0.0,Android
Palco MP3,Music & Audio,4.2,2118317,0.0,Android
LINE Rangers - a tower defense RPG w/Brown & Cony!,Games,4.4,2115077,0.0,Android
"–ê–≤–∏—Ç–æ: –∞–≤—Ç–æ, –∫–≤–∞—Ä—Ç–∏—Ä—ã, —É—Å–ª—É–≥–∏, —Ä–∞–±–æ—Ç–∞, —Ä–µ–∑—é–º–µ",Shopping,4.7,2110255,0.0,Android
Where's My Water? 2,Games,4.2,2105954,0.0,Android
Google Opinion Rewards,Tools,4.3,2096980,0.0,Android
World War Heroes: WW2 FPS,Games,4.5,2090546,0.0,Android
ŸÉŸÑŸÖÿßÿ™ ŸÉÿ±ÿßÿ¥ - ŸÑÿπÿ®ÿ© ÿ™ÿ≥ŸÑŸäÿ© Ÿàÿ™ÿ≠ÿØŸä ŸÖŸÜ ÿ≤Ÿäÿ™ŸàŸÜÿ©,Games,4.7,2089673,0.0,Android
Uber Driver,Business,3.8,2088218,0.0,Android
Kiloblocks Lite,Games,3.9,2079954,0.0,Android
Six-Guns: Gang Showdown,Games,4.1,2072808,0.0,Android
"–Æ–ª–∞: —Ç–æ–≤–∞—Ä—ã —Å–æ —Å–∫–∏–¥–∫–∞–º–∏, –∫—É–ø–∏—Ç—å –∏ –ø—Ä–æ–¥–∞—Ç—å",Shopping,4.7,2061545,0.0,Android
ShareChat - Made in India,Social,4.3,2060044,0.0,Android
CAIXA,Finance,4.6,2053536,0.0,Android
Yu-Gi-Oh! Duel Links,Games,4.4,2043876,0.0,Android
"Dropbox: Cloud Storage to Backup, Sync, File Share",Productivity,4.2,2041464,0.0,Android
Musixmatch - Lyrics for your music,Music & Audio,4.4,2037098,0.0,Android
Best Fiends - Free Puzzle Game,Games,4.7,2031128,0.0,Android
Beach Buggy Racing,Games,4.4,2022804,0.0,Android
Vlogger Go Viral - Tuber Game,Games,4.5,2022739,0.0,Android
Sweet Selfie - Beauty Cam & Photo Editor & Collage,Photography,4.6,2020610,0.0,Android
Dubsmash - Create & Watch Videos,Video Players & Editors,4.2,2013219,0.0,Android
Swiggy Food Order | Online Grocery | Delivery App,Food & Drink,4.1,2001827,0.0,Android
Empires & Puzzles: Epic Match 3,Games,4.2,1993306,0.0,Android
Talking Angela,Entertainment,3.3,1989199,0.0,Android
Vi‚Ñ¢ App,Productivity,3.5,1979448,0.0,Android
PewDiePie's Tuber Simulator,Games,4.7,1978272,0.0,Android
Amazon Music: Stream and Discover Songs & Podcasts,Music & Audio,4.4,1976986,0.0,Android
My Home - Design Dreams,Games,4.3,1976316,0.0,Android
Magic Tiles 3,Games,4.1,1966034,0.0,Android
Harry Potter: Hogwarts Mystery,Games,4.2,1962773,0.0,Android
Microsoft OneDrive,Productivity,4.5,1962639,0.0,Android
YouCam Perfect - Best Selfie Camera & Photo Editor,Photography,4.5,1961480,0.0,Android
FRONTLINE COMMANDO: D-DAY,Games,3.9,1950242,0.0,Android
Golf Clash,Games,4.3,1947703,0.0,Android
Parchisi STAR Online,Games,4.3,1914661,0.0,Android
DEAD TARGET: Zombie Offline - Shooting Games,Games,4.4,1910670,0.0,Android
Block Craft 3D: Building Simulator Games For Free,Games,4.2,1909012,0.0,Android
Snapdeal Online Shopping App - Shop Online India,Shopping,4.2,1908577,0.0,Android
Online Soccer Manager (OSM) - 20/21,Games,4.5,1903171,0.0,Android
YouTube Music - Stream Songs & Music Videos,Music & Audio,3.2,1898710,0.0,Android
Photomath,Education,4.7,1898099,0.0,Android
Ice Age Village,Games,4.5,1893807,0.0,Android
Cooking Madness - A Chef's Restaurant Games,Games,4.6,1890621,0.0,Android
Pixel Art: Color by Number,Games,4.5,1885525,0.0,Android
"LinkedIn: Jobs, Business News & Social Networking",Business,4.5,1879438,0.0,Android
Cover Fire: Offline Shooting Games,Games,4.5,1875383,0.0,Android
Angry Birds Transformers,Games,4.6,1873492,0.0,Android
"‚ù§Ô∏èEmoji keyboard - Cute Emoticons, GIF, Stickers",Tools,4.5,1870427,0.0,Android
Talking Ginger,Entertainment,3.9,1864014,0.0,Android
Bukalapak - Jual Beli Online,Shopping,4.7,1860363,0.0,Android
Reddit,Social,4.5,1857501,0.0,Android
GuitarTuna - Tuner for Guitar Ukulele Bass & more!,Tools,4.7,1856714,0.0,Android
Mario Kart Tour,Games,4.1,1854462,0.0,Android
Gods of Boom - Online PvP Action,Games,4.0,1852042,0.0,Android
"TuneIn Radio: Live News, Sports & Music Stations",Music & Audio,4.5,1850922,0.0,Android
Tiles Hop: EDM Rush!,Games,4.3,1844332,0.0,Android
Fast Racing 3D,Games,4.4,1842601,0.0,Android
Photo Editor Picsa: Photo Collage Maker & Stickers,Photography,4.4,1835249,0.0,Android
Asphalt 9: Legends - Epic Car Action Racing Game,Games,4.4,1834258,0.0,Android
Fun Race 3D,Games,4.2,1825464,0.0,Android
Galaxy Attack: Alien Shooter,Games,4.5,1825310,0.0,Android
Vova,Shopping,4.3,1818378,0.0,Android
Dream League Soccer 2021,Games,4.2,1813680,0.0,Android
RULES OF SURVIVAL,Games,3.9,1805333,0.0,Android
Paper.io 2,Games,4.0,1797248,0.0,Android
Music Player by Lark Player - for Music & Youtube,Music & Audio,4.7,1792549,0.0,Android
Matchington Mansion,Games,4.3,1791937,0.0,Android
Glow Hockey,Games,4.2,1783044,0.0,Android
Banco Bradesco,Finance,4.3,1775614,0.0,Android
Dumb Ways to Die 2: The Games,Games,4.3,1773282,0.0,Android
IRCTC Rail Connect,Travel & Local,4.1,1761692,0.0,Android
GT Racing 2: The Real Car Exp,Games,4.4,1757749,0.0,Android
Keepsafe Photo Vault: Hide Private Photos & Videos,Photography,4.4,1754534,0.0,Android
Hungry Shark World,Games,4.4,1750780,0.0,Android
World Soccer League,Games,4.2,1749323,0.0,Android
Slotomania‚Ñ¢ Free Slots: Casino Slot Machine Games,Games,4.4,1739051,0.0,Android
"Google Play Books - Ebooks, Audiobooks, and Comics",Books & Reference,4.1,1738589,0.0,Android
Yandex Browser with Protect,Personalization,4.4,1738322,0.0,Android
Hearthstone,Games,3.7,1734197,0.0,Android
Talking Ben the Dog,Entertainment,4.3,1733462,0.0,Android
"CCleaner: Cache Cleaner, Phone Booster, Optimizer",Tools,4.7,1731768,0.0,Android
Worms Zone .io - Voracious Snake,Games,4.3,1726421,0.0,Android
Earn to Die 2,Games,4.3,1723855,0.0,Android
Words with Friends Classic: Word Puzzle Challenge,Games,4.2,1720001,0.0,Android
Clash of Lords 2: Guild Castle,Games,4.3,1709934,0.0,Android
FastVid: Video Downloader for Facebook,Tools,4.6,1709015,0.0,Android
Geometry Dash Meltdown,Games,4.5,1700289,0.0,Android
Disney Frozen Free Fall - Play Frozen Puzzle Games,Games,4.5,1698879,0.0,Android
Sygic GPS Navigation & Offline Maps,Maps & Navigation,4.6,1697615,0.0,Android
Castle Clash: –°—Ö–≤–∞—Ç–∫–∞ –ì–∏–ª—å–¥–∏–π,Games,4.4,1696073,0.0,Android
Into the Dead,Games,4.5,1692378,0.0,Android
Stick War: Legacy,Games,4.5,1689707,0.0,Android
99 - Private Driver and Taxi,Maps & Navigation,4.3,1687848,0.0,Android
Mini World: Block Art,Games,4.3,1687713,0.0,Android
Microsoft PowerPoint: Slideshows and Presentations,Productivity,4.3,1680446,0.0,Android
Words of Wonders: Crossword to Connect Vocabulary,Games,4.5,1673345,0.0,Android
"9GAG: Funny gifs, pics, fresh memes & viral videos",Entertainment,4.6,1666183,0.0,Android
PayPal Mobile Cash: Send and Request Money Fast,Finance,4.3,1660461,0.0,Android
Facebook Business Suite,Business,3.9,1654442,0.0,Android
Star Wars‚Ñ¢: Galaxy of Heroes,Games,4.1,1653836,0.0,Android
Chase Mobile,Finance,4.4,1648490,0.0,Android
Respawnables ‚Äì Online PVP Battles,Games,4.2,1646678,0.0,Android
Mercado Pago,Finance,4.3,1644109,0.0,Android
Samsung Email,Productivity,4.5,1636239,0.0,Android
Head Soccer,Games,4.3,1627287,0.0,Android
Google TV (previously Play Movies & TV),Video Players & Editors,4.0,1626062,0.0,Android
Zombie Catchers üßü Hunt the Dead,Games,4.4,1622707,0.0,Android
Fishing Hook,Games,4.4,1622204,0.0,Android
"Groupon - Shop Deals, Discounts & Coupons",Shopping,4.6,1607348,0.0,Android
Real Basketball,Games,4.4,1605692,0.0,Android
WEBTOON,Comics,4.6,1603992,0.0,Android
"Muslim Pro - Prayer Times, Azan, Quran & Qibla",Lifestyle,4.2,1602580,0.0,Android
Football Strike - Multiplayer Soccer,Games,4.3,1599144,0.0,Android
Banco Ita√∫,Finance,4.2,1598903,0.0,Android
Blitz Brigade - Online FPS fun,Games,3.9,1598213,0.0,Android
Family Farm Seaside,Games,4.3,1595150,0.0,Android
Adobe Photoshop Express:Photo Editor Collage Maker,Photography,4.5,1591525,0.0,Android
Bus Simulator Indonesia,Games,4.4,1586963,0.0,Android
Candy Crush Jelly Saga,Games,4.5,1585420,0.0,Android
Blockman Go,Games,4.5,1583123,0.0,Android
"Amazon Shopping - Search, Find, Ship, and Save",Shopping,4.1,1582673,0.0,Android
ÏúàÎìúÎü¨ÎÑà,Games,4.0,1582343,0.0,Android
Candy Crush Friends Saga,Games,4.6,1581158,0.0,Android
Azar,Communication,4.0,1579782,0.0,Android
Evernote - Notes Organizer & Daily Planner,Productivity,4.2,1575702,0.0,Android
BADLAND,Games,4.5,1574509,0.0,Android
Flo Health & Period tracker. My Ovulation Calendar,Health & Fitness,4.8,1571752,0.0,Android
LINE Camera - Photo editor,Photography,4.5,1567211,0.0,Android
Sudoku.com - Free Sudoku,Games,4.6,1565665,0.0,Android
Head Ball 2,Games,4.0,1554347,0.0,Android
AdVenture Capitalist,Games,4.5,1554078,0.0,Android
Block Strike,Games,4.0,1553943,0.0,Android
Jurassic World‚Ñ¢: The Game,Games,4.1,1553744,0.0,Android
Roll the Ball¬Æ - slide puzzle,Games,4.2,1552452,0.0,Android
City Racing 3D,Games,4.4,1552225,0.0,Android
Zalo - Video Call,Communication,4.3,1551821,0.0,Android
Asphalt Nitro,Games,4.3,1550749,0.0,Android
"PicCollage - Grid, Greeting & Photo Collage Maker",Photography,4.6,1548244,0.0,Android
foodpanda - Local Food & Grocery Delivery,Food & Drink,4.4,1546704,0.0,Android
ÿ∂ÿ±ÿ®ÿ© ŸÖÿπŸÑŸÖ - ŸÑÿπÿ®ÿ© ÿßŸÑÿ∫ÿßÿ≤ ŸÖÿ≥ŸÑŸäÿ©,Games,4.6,1546509,0.0,Android
–ì–æ—Å—É—Å–ª—É–≥–∏,Tools,4.5,1544599,0.0,Android
Domino's Pizza USA,Food & Drink,4.7,1543595,0.0,Android
Mi Fit,Health & Fitness,4.4,1539882,0.0,Android
SHEIN-Fashion Shopping Online,Shopping,4.6,1534862,0.0,Android
Plenty of Fish Free Dating App,Social,3.7,1534852,0.0,Android
Super Mario Run,Games,3.7,1533886,0.0,Android
Modern Strike Online: Free PvP FPS shooting game,Games,4.3,1524216,0.0,Android
happn ‚Äì Local dating app,Lifestyle,4.0,1516822,0.0,Android
Photo Effects Pro,Photography,4.5,1514876,0.0,Android
Norton Mobile Security - Antivirus & Anti-Malware,Tools,4.7,1511344,0.0,Android
Î™¨Ïä§ÌÑ∞ Í∏∏Îì§Ïù¥Í∏∞,Games,4.0,1501839,0.0,Android
"Ola, the #1 ride hailing app",Maps & Navigation,4.1,1499729,0.0,Android
MeetMe: Chat & Meet New People,Social,3.8,1494707,0.0,Android
Game of War - Fire Age,Games,3.6,1494407,0.0,Android
Dragons: Rise of Berk,Games,4.4,1488259,0.0,Android
DINO HUNTER: DEADLY SHORES,Games,4.4,1483674,0.0,Android
Bus Simulator: Original,Games,4.1,1482734,0.0,Android
ZOOM Cloud Meetings,Business,3.6,1481583,0.0,Android
Teen Patti by Octro - Indian Poker Card Game,Games,4.3,1480674,0.0,Android
Google Calendar,Productivity,4.3,1478444,0.0,Android
VLC for Android,Video Players & Editors,4.4,1476722,0.0,Android
Last Shelter: Survival,Games,4.3,1476470,0.0,Android
BYJU'S ‚Äì The Learning App,Education,4.4,1468331,0.0,Android
Pool Billiards Pro,Games,4.4,1465039,0.0,Android
Rise of Kingdoms: Lost Crusade,Games,4.3,1464958,0.0,Android
Crowd City,Games,4.1,1464878,0.0,Android
Nitro Nation Drag & Drift,Games,4.5,1464798,0.0,Android
DEAD TRIGGER - Offline Zombie Shooter,Games,4.5,1464032,0.0,Android
N.O.V.A. Legacy,Games,4.0,1459642,0.0,Android
Hotspot Shield Free VPN Proxy & Secure VPN,Tools,4.1,1456965,0.0,Android
Coin Dozer: Sweepstakes,Games,4.5,1455262,0.0,Android
"Teen Patti Gold - 3 Patti, Rummy, Poker & Cricket",Games,4.5,1453491,0.0,Android
Santander Brasil,Finance,4.2,1447025,0.0,Android
"Quik ‚Äì Free Video Editor for photos, clips, music",Video Players & Editors,4.7,1446062,0.0,Android
"AVG Cleaner ‚Äì Junk Cleaner, Memory & RAM Booster",Productivity,4.6,1443875,0.0,Android
Brothers in Arms¬Æ 3,Games,4.3,1440422,0.0,Android
"Nox Cleaner - Booster, Optimizer, Cache Cleaner",Tools,4.6,1438678,0.0,Android
Toca Kitchen 2,Games,4.2,1438082,0.0,Android
Megapolis: city building simulator. Urban strategy,Games,4.4,1436582,0.0,Android
"PowerDirector - Video Editor App, Best Video Maker",Video Players & Editors,4.5,1435116,0.0,Android
Ice Age Adventures,Games,4.3,1427706,0.0,Android
Aarogya Setu,Health & Fitness,4.1,1424098,0.0,Android
Pirate Kings‚Ñ¢Ô∏è,Games,4.4,1421388,0.0,Android
Google News - Top world & local news headlines,News & Magazines,4.3,1417624,0.0,Android
Google Docs,Productivity,4.3,1417006,0.0,Android
Flow Free,Games,4.4,1416452,0.0,Android
MY LITTLE PONY: Magic Princess,Games,4.2,1415962,0.0,Android
Yahoo Weather,Weather,4.5,1415706,0.0,Android
Voice changer with effects,Entertainment,4.4,1415538,0.0,Android
Darkness Rises,Games,4.4,1412385,0.0,Android
OLX - Comprar e vender online com seguran√ßa,Shopping,4.4,1412163,0.0,Android
Archero,Games,4.4,1410802,0.0,Android
State of Survival: Survive the Zombie Apocalypse,Games,4.4,1410461,0.0,Android
"StarMaker: Sing free Karaoke, Record music videos",Music & Audio,4.6,1404786,0.0,Android
"BHIM UPI, Money Transfer, Recharge & Bill Payment",Finance,4.3,1402890,0.0,Android
Hunter Assassin,Games,4.2,1395605,0.0,Android
inDriver ‚Äî Better than a taxi,Maps & Navigation,4.6,1384351,0.0,Android
BlockLauncher,Tools,3.2,1382889,0.0,Android
Drive Ahead!,Games,4.2,1381708,0.0,Android
"Flipboard - Latest News, Top Stories & Lifestyle",News & Magazines,4.1,1380003,0.0,Android
Hustle Castle: Medieval games in the kingdom,Games,4.2,1379951,0.0,Android
"Tripadvisor Hotel, Flight & Restaurant Bookings",Travel & Local,4.4,1378113,0.0,Android
Ace Fishing: Wild Catch,Games,4.4,1373155,0.0,Android
"AZ Screen Recorder - Video Recorder, Livestream",Video Players & Editors,4.5,1365257,0.0,Android
OneFootball - Soccer Scores,Games,4.7,1362133,0.0,Android
2048 Number puzzle game,Games,4.3,1362112,0.0,Android
"Learn Languages with Memrise - Spanish, French",Education,4.6,1360529,0.0,Android
House of Fun‚Ñ¢Ô∏è: Free Slots & Casino Slots Machines,Games,4.5,1359951,0.0,Android
Choices: Stories You Play,Games,4.4,1359833,0.0,Android
PK XD - Explore and Play with your Friends!,Games,4.3,1358320,0.0,Android
Flick Shoot 2,Games,4.5,1357781,0.0,Android
Poweramp Music Player (Trial),Music & Audio,4.4,1353265,0.0,Android
"Android Auto - Google Maps, Media & Messaging",Auto & Vehicles,4.2,1351011,0.0,Android
World Series of Poker WSOP Free Texas Holdem Poker,Games,4.4,1349372,0.0,Android
LINE BROWN FARM,Games,4.3,1348058,0.0,Android
Tomb of the Mask,Games,4.3,1346410,0.0,Android
Tap Titans,Games,4.8,1344347,0.0,Android
Brightest Flashlight Free ¬Æ,Tools,4.5,1339290,0.0,Android
Driving School 2016,Games,4.3,1338638,0.0,Android
JW Library,Books & Reference,4.8,1335693,0.0,Android
My Singing Monsters,Games,4.6,1331566,0.0,Android
ÿµŸÑÿßÿ™ŸÉ Salatuk (Prayer time),Lifestyle,4.7,1324274,0.0,Android
Sand Balls - Puzzle Game,Games,4.2,1322746,0.0,Android
Kode,Tools,4.2,1321852,0.0,Android
PPSSPP - PSP emulator,Games,4.3,1318506,0.0,Android
Empire: Four Kingdoms | Medieval Strategy MMO,Games,4.1,1314927,0.0,Android
Boomerang from Instagram,Photography,4.4,1313831,0.0,Android
Johnny Trigger - Action Shooting Game,Games,4.3,1312104,0.0,Android
YouTube Kids,Entertainment,4.3,1311314,0.0,Android
AirBrush: Easy Photo Editor,Photography,4.7,1310127,0.0,Android
Tank Stars,Games,4.1,1309599,0.0,Android
Blossom Blast Saga,Games,4.5,1308924,0.0,Android
Weather by WeatherBug: Live Radar Map & Forecast,Weather,4.7,1307501,0.0,Android
Dailyhunt - 100% Indian App for News & Videos,News & Magazines,4.2,1299957,0.0,Android
Rise Up,Games,3.7,1296552,0.0,Android
"IRCTC Train Booking, PNR Status, Running Status",Travel & Local,4.4,1296049,0.0,Android
Racing in Car,Games,4.3,1293301,0.0,Android
Cricbuzz - Live Cricket Scores & News,Games,4.4,1291420,0.0,Android
Hola Free VPN Proxy Unblocker,Tools,4.4,1289555,0.0,Android
Survivalcraft Demo,Games,3.9,1285957,0.0,Android
MomentCam Cartoons & Stickers,Photography,4.2,1283285,0.0,Android
Snapseed,Photography,4.5,1281438,0.0,Android
Rappi,Food & Drink,4.6,1280347,0.0,Android
SNOW,Photography,4.2,1279347,0.0,Android
The Sims‚Ñ¢ Mobile,Games,4.1,1277665,0.0,Android
Shopee 12.12 Christmas Sale,Shopping,4.8,1275489,0.0,Android
Street Racing 3D,Games,4.3,1274343,0.0,Android
"GO SecurityÔºçAntiVirus, AppLock, Booster",Tools,4.7,1272612,0.0,Android
Clumsy Ninja,Games,4.3,1271891,0.0,Android
The Walking Dead: Season One,Games,4.5,1268100,0.0,Android
Life360: Family Locator & GPS Tracker for Safety,Lifestyle,4.4,1267804,0.0,Android
Escape Titanic,Games,4.5,1264433,0.0,Android
ASKfm - Ask Me Anonymous Questions,Social,4.1,1261824,0.0,Android
Yandex.Navigator,Travel & Local,4.5,1260641,0.0,Android
King of Thieves,Games,4.4,1256251,0.0,Android
Nova Launcher,Personalization,4.5,1253674,0.0,Android
Piano Free - Keyboard with Magic Tiles Music Games,Games,4.1,1242338,0.0,Android
Okey Plus,Games,4.4,1236043,0.0,Android
BookMyShow - Movie Tickets & Live Events,Entertainment,4.3,1231025,0.0,Android
Speedtest by Ookla,Tools,4.4,1226700,0.0,Android
Castle Crush: Epic Battle - Free Strategy Games,Games,4.4,1225478,0.0,Android
Drift Max Pro - Car Drifting Game with Racing Cars,Games,4.5,1225069,0.0,Android
"OfficeSuite - Office, PDF, Word, Excel, PowerPoint",Business,4.2,1224420,0.0,Android
Wrestling Revolution 3D,Games,4.1,1223919,0.0,Android
Throne Rush,Games,4.5,1221599,0.0,Android
Bad Piggies,Games,4.4,1220812,0.0,Android
JAUMO Dating ‚Äì Flirt With Local Singles,Social,4.4,1218847,0.0,Android
Microsoft Launcher,Personalization,4.6,1217278,0.0,Android
Diamond Digger Saga,Games,4.5,1214314,0.0,Android
Talking Tom & Ben News,Entertainment,4.5,1214016,0.0,Android
My Talking Tom Friends,Games,4.4,1211561,0.0,Android
Skater Boy,Games,4.4,1208398,0.0,Android
Weather & Radar USA - Severe weather alerts,Weather,4.5,1207586,0.0,Android
Pixlr ‚Äì Free Photo Editor,Photography,4.3,1204316,0.0,Android
Creative Destruction,Games,4.2,1194684,0.0,Android
"Vault - Hide Pics & Videos, App Lock, Free Backup",Business,4.4,1191647,0.0,Android
MovieStarPlanet,Games,3.8,1186688,0.0,Android
Tubi - Free Movies & TV Shows,Entertainment,4.6,1184876,0.0,Android
Robbery Bob,Games,4.4,1183592,0.0,Android
"SKOUT - Meet, Chat, Go Live",Social,4.1,1183199,0.0,Android
"Cash, Inc. Money Clicker Game & Business Adventure",Games,4.6,1180752,0.0,Android
Fishing Clash,Games,4.6,1179202,0.0,Android
Partymasters - Fun Idle Game,Games,4.0,1177898,0.0,Android
Scatter Slots - Las Vegas Casino Game 777 Online,Games,4.6,1177146,0.0,Android
"MAPS.ME ‚Äì Offline maps, travel guides & navigation",Travel & Local,4.6,1175794,0.0,Android
Modern Sniper,Games,4.2,1175614,0.0,Android
"Axis Mobile- Fund Transfer,UPI,Recharge & Payment",Finance,4.6,1174718,0.0,Android
Mobizen Screen Recorder for SAMSUNG,Video Players & Editors,4.2,1171141,0.0,Android
Video Maker for YouTube - Video.Guru,Video Players & Editors,4.8,1169634,0.0,Android
RAID: Shadow Legends,Games,4.2,1169127,0.0,Android
Mail.ru - Email App,Communication,4.5,1168212,0.0,Android
Geek - Smarter Shopping,Shopping,4.5,1167337,0.0,Android
Indeed Job Search,Business,4.4,1165970,0.0,Android
LINE Pokopang - POKOTA's puzzle swiping game!,Games,4.0,1165420,0.0,Android
Soul Knight,Games,4.6,1158135,0.0,Android
Run Race 3D,Games,4.0,1157356,0.0,Android
Bomber Friends,Games,4.3,1156224,0.0,Android
Basketball Stars,Games,4.3,1155469,0.0,Android
Cisco Webex Meetings,Business,4.1,1155402,0.0,Android
Benji Bananas,Games,4.4,1155015,0.0,Android
"Freecharge - Recharges & Bills, Mutual Funds, UPI",Finance,4.0,1154458,0.0,Android
"Z Camera - Photo Editor, Beauty Selfie, Collage",Photography,4.6,1153796,0.0,Android
ibis Paint X,Art & Design,4.6,1152530,0.0,Android
"ooVoo Video Calls, Messaging & Stories",Social,4.3,1152370,0.0,Android
Galaxy Wearable (Samsung Gear),Tools,4.5,1147785,0.0,Android
VSCO: Photo & Video Editor,Photography,4.2,1145444,0.0,Android
Vegas Crime Simulator,Games,4.1,1143421,0.0,Android
Drift Ÿáÿ¨ŸàŸÑÿ©,Games,4.4,1141448,0.0,Android
Nebulous.io,Games,4.3,1140519,0.0,Android
Vine,Video Players & Editors,4.0,1138595,0.0,Android
Akulaku ‚Äî Shop On Installment Without Credit Card,Shopping,4.2,1138272,0.0,Android
Bubble Shooter: Panda Pop!,Games,4.6,1137644,0.0,Android
Anti-virus Dr.Web Light,Tools,4.6,1137437,0.0,Android
Groovepad - Music & Beat Maker,Music & Audio,4.7,1137260,0.0,Android
101-in-1 Games,Games,4.5,1132833,0.0,Android
"Adobe Scan: PDF Scanner with OCR, PDF Creator",Business,4.7,1128455,0.0,Android
Magic Rush: Heroes,Games,4.4,1126272,0.0,Android
Draw Something Classic,Games,4.2,1125900,0.0,Android
aquapark.io,Games,4.0,1123923,0.0,Android
Live Hold‚Äôem Pro Poker - Free Casino Games,Games,4.2,1121287,0.0,Android
Farm Heroes Super Saga,Games,4.5,1119310,0.0,Android
Payback 2 - The Battle Sandbox,Games,4.4,1116820,0.0,Android
Trials Frontier,Games,4.3,1115230,0.0,Android
Hooked Inc: Fisher Tycoon,Games,4.5,1114569,0.0,Android
Samsung Health,Health & Fitness,4.0,1111553,0.0,Android
Anger of stick 5 : zombie,Games,4.3,1111524,0.0,Android
Hide Online - Hunters vs Props,Games,4.6,1111005,0.0,Android
Cut the Rope: Time Travel,Games,4.6,1104504,0.0,Android
VPN Free - Betternet Hotspot VPN & Private Browser,Tools,4.2,1103258,0.0,Android
Naukri.com Job Search App: Search jobs on the go!,Business,4.4,1102008,0.0,Android
Manor Cafe,Games,4.5,1101640,0.0,Android
Google Keep - Notes and Lists,Productivity,4.4,1100658,0.0,Android
Papa Pear Saga,Games,4.5,1097988,0.0,Android
Ludo Club - Fun Dice Game,Games,4.3,1097615,0.0,Android
Grab Driver,Maps & Navigation,3.7,1095962,0.0,Android
Shopee MY 12.12 Birthday Sale,Shopping,4.8,1092087,0.0,Android
"Careem - Rides, Food, Shops, Delivery & Payments",Maps & Navigation,4.3,1091854,0.0,Android
KIM KARDASHIAN: HOLLYWOOD,Games,4.3,1089845,0.0,Android
Bike Racing 3D,Games,4.1,1089492,0.0,Android
Magisto - Video Editor & Music Slideshow Maker,Video Players & Editors,3.9,1089108,0.0,Android
YouTube Studio,Video Players & Editors,4.4,1087247,0.0,Android
3D Tennis,Games,4.2,1086282,0.0,Android
My Story: Choose Your Own Path,Games,3.9,1085969,0.0,Android
Euro Truck Evolution (Simulator),Games,4.0,1084155,0.0,Android
Intro Maker - music intro video editor,Video Players & Editors,4.6,1084011,0.0,Android
CarX Drift Racing,Games,4.5,1082332,0.0,Android
"Mobile Security, Antivirus & Cleaner by Lookout",Tools,4.6,1075699,0.0,Android
Cookie Jam‚Ñ¢ Match 3 Games | Connect 3 or More,Games,4.5,1075142,0.0,Android
Morning Alarm Clock for Free - Alarmy,Productivity,4.6,1072758,0.0,Android
Santander Way,Finance,4.3,1070666,0.0,Android
"Pi Music Player - Free Music Player, YouTube Music",Music & Audio,4.7,1070255,0.0,Android
My Talking Hank,Games,4.3,1069494,0.0,Android
"Audible: audiobooks, podcasts & audio stories",Books & Reference,4.5,1069005,0.0,Android
DoorDash - Food Delivery,Food & Drink,4.6,1065572,0.0,Android
Paint By Number - Coloring Book & Color by Number,Games,4.5,1065012,0.0,Android
Zombie Roadkill 3D,Games,4.3,1063855,0.0,Android
Yapƒ± Kredi Mobile,Finance,4.8,1062138,0.0,Android
War Machines: Tank Battle - Army & Military Games,Games,4.1,1060560,0.0,Android
Pyramid Solitaire Saga,Games,4.6,1059967,0.0,Android
Pregnancy Tracker + Countdown to Baby Due Date,Parenting,4.8,1058698,0.0,Android
Capital One¬Æ Mobile,Finance,4.6,1055631,0.0,Android
Just Dance Now,Games,3.9,1055425,0.0,Android
"Pregnancy + | tracker app, week by week in 3D",Parenting,4.8,1054790,0.0,Android
Hole.io,Games,4.1,1053508,0.0,Android
DRAGON BALL LEGENDS,Games,4.5,1053276,0.0,Android
Hero Wars ‚Äì Hero Fantasy Multiplayer Battles,Games,4.5,1049578,0.0,Android
Merge Dragons!,Games,4.5,1049556,0.0,Android
adidas Running App by Runtastic - Run Tracker,Health & Fitness,4.6,1049522,0.0,Android
Toolbox for Minecraft: PE,Tools,3.8,1048103,0.0,Android
Hidden City: Hidden Object Adventure,Games,4.3,1047630,0.0,Android
Lep's World 2 üçÄüçÄ,Games,4.3,1040192,0.0,Android
Jellipop Match-Decorate your dream islandÔºÅ,Games,4.4,1038003,0.0,Android
Kaave - Coffee Cup Readings,Entertainment,4.6,1036426,0.0,Android
Punch Boxing 3D,Games,4.3,1035008,0.0,Android
Airbnb,Travel & Local,4.6,1032842,0.0,Android
Angry Gran Run - Running Game,Games,4.4,1031605,0.0,Android
Game of Warriors,Games,4.5,1030035,0.0,Android
LOVOO ¬Æ,Social,4.0,1026400,0.0,Android
"Clue: Period Tracker, Ovulation, Cycle & Pregnancy",Health & Fitness,4.7,1025813,0.0,Android
DRAGON BALL Z DOKKAN BATTLE,Games,4.6,1023283,0.0,Android
Audiomack: Download New Music Offline Free,Music & Audio,4.6,1022352,0.0,Android
Deer Hunter 2018,Games,4.0,1020563,0.0,Android
Brainly ‚Äì The Homework App,Education,4.3,1015638,0.0,Android
Real Cricket‚Ñ¢ 20,Games,4.1,1007911,0.0,Android
Family Guy The Quest for Stuff,Games,3.9,1006838,0.0,Android
Google Pay (old app),Finance,4.2,1006780,0.0,Android
PES CLUB MANAGER,Games,4.0,1005684,0.0,Android
Magic Piano by Smule,Music & Audio,4.2,1005047,0.0,Android
Sniper Fury: Online 3D FPS & Sniper Shooter Game,Games,4.1,1002287,0.0,Android
Moovit: Timing & Navigation for all Transit Types,Maps & Navigation,4.5,1001945,0.0,Android
Nike Run Club,Health & Fitness,4.6,1001103,0.0,Android
Samsung Push Service,Communication,4.2,1000307,0.0,Android
Sea Battle 2,Games,4.7,1000215,0.0,Android
Indy Cat for VK,Games,4.9,999668,0.0,Android
Angry Birds Friends,Games,4.1,999459,0.0,Android
Sticker.ly - Sticker Maker & WhatsApp Status Video,Tools,4.6,998094,0.0,Android
Lep's World üçÄ,Games,4.3,997892,0.0,Android
FRONTLINE COMMANDO 2,Games,4.5,996308,0.0,Android
Amazon Kindle,Books & Reference,4.0,995482,0.0,Android
"Anghami - Play, discover & download new music",Music & Audio,4.5,993639,0.0,Android
My Boo - Your Virtual Pet Game,Games,4.6,992380,0.0,Android
MOD-MASTER for Minecraft PE (Pocket Edition) Free,Tools,4.3,991708,0.0,Android
The Sims‚Ñ¢ FreePlay,Games,4.1,990241,0.0,Android
APUS Message Center‚ÄîIntelligent management,Tools,4.5,988657,0.0,Android
Lucky Day - Win Real Rewards,Games,3.9,986209,0.0,Android
Geometry Dash World,Games,4.3,984785,0.0,Android
"Avast Cleanup & Boost, Phone Cleaner, Optimizer",Tools,4.7,983952,0.0,Android
REAL DRUM: Electronic Drum Set,Music & Audio,4.3,982986,0.0,Android
Growtopia,Games,3.5,980623,0.0,Android
Shooting World - Gun Fire,Games,4.6,980341,0.0,Android
MapFactor Navigator - GPS Navigation Maps,Maps & Navigation,4.6,979938,0.0,Android
Block City Wars: Pixel Shooter with Battle Royale,Games,4.1,978075,0.0,Android
Paradise Island,Games,4.3,977175,0.0,Android
Alibaba.com - Leading online B2B Trade Marketplace,Shopping,4.4,976753,0.0,Android
Can You Escape,Games,4.3,974797,0.0,Android
Google Home,Lifestyle,4.0,971250,0.0,Android
365Scores: Live Scores & Sports News,Games,4.6,968964,0.0,Android
Design Home: House Renovation,Games,4.2,968228,0.0,Android
Credit Karma - Free Credit Scores & Reports,Finance,4.6,965694,0.0,Android
Battlelands Royale,Games,4.0,964845,0.0,Android
Kill Shot,Games,4.4,963311,0.0,Android
WordBrain - Free classic word puzzle game,Games,4.4,958570,0.0,Android
Vikings: War of Clans,Games,4.4,957709,0.0,Android
Google Meet - Secure Video Meetings,Business,3.3,955977,0.0,Android
Lep's World 3 üçÄüçÄüçÄ,Games,4.4,954240,0.0,Android
FGTS,Finance,4.3,954018,0.0,Android
"C launcher:DIY themes,hide apps,wallpapers,2020",Personalization,4.5,952201,0.0,Android
FastSave for Instagram,Social,4.1,948614,0.0,Android
Yandex,Tools,4.5,944675,0.0,Android
"BiP ‚Äì Messaging, Voice and Video Calling",Communication,4.4,944610,0.0,Android
Funimate: Video Editor & Music Clip Star Effects,Video Players & Editors,4.4,944402,0.0,Android
Layout from Instagram: Collage,Photography,4.4,942488,0.0,Android
ÏÑ∏Î∏êÎÇòÏù¥Ï∏†,Games,3.8,942355,0.0,Android
Xbox,Entertainment,3.3,940716,0.0,Android
edjing Mix - Free Music DJ app,Music & Audio,4.4,940484,0.0,Android
"Alarm Clock Xtreme: Alarm, Reminders, Timer (Free)",Productivity,4.3,937774,0.0,Android
Smurfs' Village,Games,4.5,936946,0.0,Android
Shopee: 12.12 Birthday Sale,Shopping,4.6,936729,0.0,Android
Dan the Man: Action Platformer,Games,4.5,935307,0.0,Android
Forge of Empires: Build your City,Games,4.3,933187,0.0,Android
Tower of Saviors,Games,4.1,932661,0.0,Android
Arena of Valor: 5v5 Arena Game,Games,3.6,932598,0.0,Android
Instasize: Photo Editor + Picture Collage Maker,Photography,4.3,930610,0.0,Android
Dictionary.com English Word Meanings & Definitions,Books & Reference,4.5,930210,0.0,Android
Happy Mall Story: Sim Game,Games,4.6,928684,0.0,Android
Legacy of Discord-FuriousWings,Games,4.2,927933,0.0,Android
"2GIS: directory, map, navigator without internet",Travel & Local,4.4,922664,0.0,Android
CodyCross: Crossword Puzzles,Games,4.4,921902,0.0,Android
Clean Road,Games,4.2,920075,0.0,Android
Zombie Smasher,Games,4.4,919856,0.0,Android
ShareMe  - #1 file sharing & data transfer app,Tools,4.6,919784,0.0,Android
LINE PLAY - Our Avatar World,Social,3.8,919506,0.0,Android
Happy Glass,Games,3.8,918435,0.0,Android
Reverse Movie FX - magic video,Video Players & Editors,4.5,917299,0.0,Android
Transparent clock & weather - forecast & radar,Weather,4.6,915717,0.0,Android
Banco PagBank PagSeguro com Conta Digital Gr√°tis,Finance,4.6,913236,0.0,Android
My Dolphin Show,Games,4.4,911881,0.0,Android
"No.Pix - Color by Number, Pixel Art Coloring Book",Entertainment,4.7,911806,0.0,Android
Tantan,Social,4.1,910318,0.0,Android
Yandex Go ‚Äî taxi and delivery,Maps & Navigation,4.6,909906,0.0,Android
Samsung Pay,Lifestyle,4.6,908881,0.0,Android
aa,Games,4.2,904124,0.0,Android
Scary Teacher 3D,Games,4.2,901890,0.0,Android
Green Farm 3,Games,4.1,901846,0.0,Android
Lily‚Äôs Garden,Games,4.6,899124,0.0,Android
Mobile Strike,Games,3.6,898473,0.0,Android
"Karaoke - Sing Karaoke, Unlimited Songs",Music & Audio,4.0,897165,0.0,Android
CSR Classics,Games,4.6,897142,0.0,Android
Swift WiFi - Free WiFi Hotspot Portable,Travel & Local,4.3,894862,0.0,Android
Head Football LaLiga 2021 - Skills Soccer Games,Games,4.2,894687,0.0,Android
PhotoDirector Photo Editor: Edit & Create Stories,Photography,4.6,890178,0.0,Android
Dailymotion - the home for videos that matter,Entertainment,4.3,889375,0.0,Android
Rope Hero: Vice Town,Games,4.2,889352,0.0,Android
The Secret Society - Hidden Objects Mystery,Games,4.4,888059,0.0,Android
"Egg, Inc.",Games,4.6,887392,0.0,Android
BMX Boy,Games,4.3,885861,0.0,Android
Revolut - Get more from your money,Finance,4.7,882193,0.0,Android
Two Dots,Games,4.4,881142,0.0,Android
Jackpot Party Casino Games: Spin FREE Casino Slots,Games,4.5,880395,0.0,Android
MakeMyTrip-Flight Hotel Bus Cab IRCTC Rail Booking,Travel & Local,4.1,879924,0.0,Android
File Commander - File Manager & Free Cloud,Business,4.3,879912,0.0,Android
Wordscapes,Games,4.6,879399,0.0,Android
OfferUp: Buy. Sell. Letgo. Mobile marketplace,Shopping,4.1,878982,0.0,Android
Kritika: The White Knights,Games,4.3,877939,0.0,Android
Real Football,Games,3.7,874821,0.0,Android
Bloons TD Battles,Games,4.3,874250,0.0,Android
SoundHound - Music Discovery & Lyrics,Music & Audio,4.5,873819,0.0,Android
Weather Live,Weather,4.4,873727,0.0,Android
Last Empire - War Z: Strategy,Games,4.0,873441,0.0,Android
DNS Changer | Mobile Data & WiFi | IPv4 & IPv6,Tools,4.5,873052,0.0,Android
"Crisis Action: 5th Year Anniv, win rare weapons!",Games,3.9,871269,0.0,Android
Soccer Star 2020 Top Leagues: Play the SOCCER game,Games,4.1,869407,0.0,Android
PlayStation App,Entertainment,4.2,869051,0.0,Android
Shakes and Fidget,Games,4.7,867912,0.0,Android
BombSquad,Games,4.4,866725,0.0,Android
Bus Simulator : Ultimate,Games,4.3,866516,0.0,Android
BCA mobile,Finance,4.5,866237,0.0,Android
Prisma Photo Editor,Photography,4.5,866118,0.0,Android
Farming Simulator 14,Games,4.2,865354,0.0,Android
Mafia City,Games,3.8,864964,0.0,Android
Pirate Treasures - Gems Puzzle,Games,4.5,864946,0.0,Android
Stickman Warriors,Games,4.2,864636,0.0,Android
MP3 Cutter and Ringtone Maker‚ô´,Music & Audio,4.2,862555,0.0,Android
MakeupPlus - Your Own Virtual Makeup Artist,Photography,4.4,862326,0.0,Android
Steam,Entertainment,4.0,861060,0.0,Android
RPG Toram Online - MMORPG,Games,4.5,859438,0.0,Android
ESET Mobile Security & Antivirus,Tools,4.8,858898,0.0,Android
Flip Diving,Games,4.5,857291,0.0,Android
Colorfy: Adult Coloring Book - Free Style Color,Entertainment,4.0,856790,0.0,Android
Rodeo Stampede: Sky Zoo Safari,Games,4.3,856117,0.0,Android
Airport City,Games,4.0,855772,0.0,Android
Adobe Lightroom - Photo Editor & Pro Camera,Photography,4.3,855759,0.0,Android
Idle Heroes,Games,4.5,854060,0.0,Android
Jigsaw Puzzles - Puzzle Game,Games,4.5,851804,0.0,Android
Narrator's Voice,Entertainment,4.6,849939,0.0,Android
Google Sheets,Productivity,4.3,849738,0.0,Android
Save The Girl,Games,3.8,848983,0.0,Android
Genshin Impact,Games,4.5,848854,0.0,Android
Littlest Pet Shop,Games,4.2,847262,0.0,Android
Trendyol - Online Alƒ±≈üveri≈ü,Shopping,4.5,846549,0.0,Android
Vodafone Yanƒ±mda,Tools,3.0,846519,0.0,Android
TextNow: Free Texting & Calling App,Communication,4.4,845206,0.0,Android
Google Find My Device,Tools,4.4,844258,0.0,Android
PAC-MAN,Games,4.0,843098,0.0,Android
Alien Creeps TD - Epic tower defense,Games,4.4,842216,0.0,Android
Cooking Diary¬Æ: Best Tasty Restaurant & Cafe Game,Games,4.5,841868,0.0,Android
Nimo TV - Live Game Streaming,Entertainment,4.4,840004,0.0,Android
BitTorrent¬Æ- Torrent Downloads,Video Players & Editors,4.5,839286,0.0,Android
Mi Music,Music & Audio,4.9,836981,0.0,Android
PLAYit - A New All-in-One Video Player,Video Players & Editors,4.5,835120,0.0,Android
"Quikr ‚Äì Search Jobs, Mobiles, Cars, Home Services",Shopping,4.2,834106,0.0,Android
Hitman Sniper,Games,4.4,834028,0.99,Android
Cookie Run: OvenBreak - Endless Running Platformer,Games,4.4,833038,0.0,Android
Free Music MP3 Player(Download LITE,Music & Audio,4.5,831414,0.0,Android
Bid Wars: Pawn Empire - Storage Auction Simulator,Games,4.3,831211,0.0,Android
Tennis Clash: 1v1 Free Online Sports Game,Games,4.2,831199,0.0,Android
Vainglory,Games,3.7,828728,0.0,Android
Jungle Heat: War of Clans,Games,4.2,827987,0.0,Android
FRAG Pro Shooter,Games,4.4,827960,0.0,Android
"sahibinden.com: Emlak,Araba,Alƒ±≈üveri≈ü ve Diƒüerleri",Shopping,4.4,826913,0.0,Android
Bad Piggies HD,Games,4.3,826591,0.0,Android
Drum Pad Machine - Beat Maker & Music Maker,Music & Audio,4.4,820043,0.0,Android
My Idea-Recharge and Payments,Productivity,3.2,819930,0.0,Android
Real Gangster Crime,Games,4.1,819162,0.0,Android
Top Speed: Drag & Fast Racing,Games,4.6,819048,0.0,Android
FINAL FANTASY  BRAVE EXVIUS,Games,4.2,817802,0.0,Android
Advanced Download Manager & Torrent downloader,Tools,4.4,816632,0.0,Android
Microsoft OneNote: Save Ideas and Organize Notes,Productivity,4.3,816607,0.0,Android
Videoshop - Video Editor,Video Players & Editors,4.7,816237,0.0,Android
Tap Titans 2: Legends & Mobile Heroes Clicker Game,Games,4.6,815975,0.0,Android
Video Player All Format - XPlayer,Video Players & Editors,4.8,814490,0.0,Android
"Bible Offline App Free + Audio, KJV, Daily Verse",Books & Reference,4.9,813788,0.0,Android
From Zero to Hero: Cityman,Games,4.7,813043,0.0,Android
HiFont - Cool Fonts Text Free + Galaxy FlipFont,Personalization,3.6,813009,0.0,Android
Beat the Boss 3,Games,4.5,809739,0.0,Android
Doodle Alchemy,Games,4.6,808374,0.0,Android
Demolition Derby 2,Games,4.6,807400,0.0,Android
"1Weather :Weather Forecast, Weather Radar & Alerts",Weather,4.5,804653,0.0,Android
Free WiFi Passwords & Internet Hotspots. WiFi Map¬Æ,Productivity,4.0,802918,0.0,Android
BLOOD & GLORY,Games,3.8,799490,0.0,Android
DANA - Indonesia's Digital Wallet,Finance,4.7,798758,0.0,Android
redBus - World‚Äôs #1 Online Bus Ticket Booking App,Travel & Local,4.3,798593,0.0,Android
Bus Rush,Games,4.3,795991,0.0,Android
GO Speed (Clean Boost Free),Tools,4.7,795161,0.0,Android
Radio Online - PCRADIO,Music & Audio,4.7,794996,0.0,Android
RAR,Tools,4.4,794028,0.0,Android
Calculator Plus Free,Tools,4.7,793861,0.0,Android
Dual Space - Multiple Accounts & App Cloner,Tools,4.2,793627,0.0,Android
World Cricket Championship  Lt,Games,4.1,793117,0.0,Android
Zombie Castaways,Games,4.6,792622,0.0,Android
GasBuddy: Find and Pay for Cheap Gas and Fuel,Travel & Local,4.4,792159,0.0,Android
Flippy Knife,Games,4.2,790761,0.0,Android
Bank of America Mobile Banking,Finance,4.7,786587,0.0,Android
Google Classroom,Education,2.5,785833,0.0,Android
ICQ New Messenger App: Video Calls & Chat Rooms,Communication,4.4,782557,0.0,Android
Gacha Club,Games,4.5,781707,0.0,Android
Ana Vodafone,Productivity,4.3,780316,0.0,Android
Kite Flying - Layang Layang,Games,4.2,780155,0.0,Android
Perfect365: One-Tap Makeover,Beauty,4.3,778931,0.0,Android
"ivi - —Ñ–∏–ª—å–º—ã, —Å–µ—Ä–∏–∞–ª—ã, –º—É–ª—å—Ç—Ñ–∏–ª—å–º—ã",Entertainment,4.3,777668,0.0,Android
The Walking Dead No Man's Land,Games,4.5,776634,0.0,Android
Getcontact,Communication,4.4,775512,0.0,Android
Injustice 2,Games,4.2,773978,0.0,Android
"Good Pizza, Great Pizza",Games,4.3,773276,0.0,Android
Cafeland - World Kitchen,Games,4.4,772237,0.0,Android
Puffin Web Browser,Communication,3.6,771134,0.0,Android
Vector 2,Games,4.2,768395,0.0,Android
Endomondo - Running & Walking,Health & Fitness,4.5,767282,0.0,Android
Talking Ginger 2,Entertainment,4.0,767034,0.0,Android
V LIVE,Entertainment,4.3,766523,0.0,Android
Google Lens,Tools,4.5,766258,0.0,Android
UNO!‚Ñ¢,Games,4.1,764880,0.0,Android
"Traveloka: Book Hotel, Flight Ticket & Activities",Travel & Local,4.8,764211,0.0,Android
Let's Create! Pottery Lite,Games,4.2,763306,0.0,Android
Dungeon Hunter 5 ‚Äì Action RPG,Games,3.9,762626,0.0,Android
"IMDb: Your guide to movies, TV shows, celebrities",Entertainment,4.5,762328,0.0,Android
"Pacer Pedometer: Walking, Running, Step Challenges",Health & Fitness,4.6,761648,0.0,Android
Solitaire Grand Harvest - Free Tripeaks Solitaire,Games,4.5,761312,0.0,Android
Final kick 2020 Best Online football penalty game,Games,4.3,761054,0.0,Android
VTB-Online,Finance,3.8,760624,0.0,Android
BBVA M√©xico (Bancomer M√≥vil),Finance,4.3,760268,0.0,Android
Zello PTT Walkie Talkie,Communication,4.4,756938,0.0,Android
LINE Launcher,Personalization,4.3,756935,0.0,Android
Multiplayer for Minecraft PE - MCPE Servers,Games,3.7,756503,0.0,Android
BitLife - Life Simulator,Games,4.2,756321,0.0,Android
Piano +,Music & Audio,4.4,756273,0.0,Android
MEGA,Productivity,3.7,755515,0.0,Android
Weather - By Xiaomi,Weather,4.7,755484,0.0,Android
ŸÑÿπÿ®ÿ© ŸÉŸÑŸÖÿ© ÿßŸÑÿ≥ÿ± : ÿßŸÑÿ¨ÿ≤ÿ° ÿßŸÑÿ´ÿßŸÜŸä,Games,4.7,754446,0.0,Android
Goibibo - Hotel Car Flight IRCTC Train Bus Booking,Travel & Local,4.0,754146,0.0,Android
World at Arms,Games,4.2,754145,0.0,Android
Dreame,Books & Reference,4.4,753114,0.0,Android
Bullet Force,Games,3.9,752392,0.0,Android
Tiny Miner,Games,4.6,752338,0.0,Android
DomiNations,Games,4.1,752031,0.0,Android
Talking Pierre the Parrot,Entertainment,4.3,751890,0.0,Android
Sweet Face Camera - Face Filters for Snapchat,Photography,4.4,751729,0.0,Android
Murder in the Alps,Games,4.2,750940,0.0,Android
Mini Golf King - Multiplayer Game,Games,4.3,749924,0.0,Android
Touch VPN -Free Unlimited VPN Proxy & WiFi Privacy,Tools,4.3,749137,0.0,Android
Geometry Dash,Games,4.6,748955,1.99,Android
Gunship Strike 3D,Games,4.2,747856,0.0,Android
"Walli - 4K, HD Wallpapers & Backgrounds",Personalization,4.7,746792,0.0,Android
Turbo Dismount‚Ñ¢,Games,4.2,746784,0.0,Android
King of Avalon: Dominion,Games,4.3,745393,0.0,Android
myVEGAS Slots - Las Vegas Casino Slot Machines,Games,4.5,745105,0.0,Android
Tom's Love Letters,Entertainment,4.0,744270,0.0,Android
BTS WORLD,Games,4.7,739376,0.0,Android
Hot Wheels: Race Off,Games,4.1,739189,0.0,Android
Covet Fashion - Dress Up Game,Games,4.1,737995,0.0,Android
Auto- Athkar for muslims,Entertainment,4.8,737129,0.0,Android
Words with Friends: Play Fun Word Puzzle Games,Games,4.2,735314,0.0,Android
Rupiah Cepat- Pinjaman Uang Tunai Kredit Dana Cash,Finance,4.5,734931,0.0,Android
SBI Card,Finance,4.3,734063,0.0,Android
Miraculous Ladybug & Cat Noir,Games,4.3,733874,0.0,Android
Bubbu ‚Äì My Virtual Pet,Games,4.4,733226,0.0,Android
Cash Frenzy‚Ñ¢ Casino ‚Äì Free Slots Games,Games,4.6,732937,0.0,Android
Toca Life World: Build stories & create your world,Games,4.3,732065,0.0,Android
Turbo Stars,Games,4.4,731766,0.0,Android
June's Journey - Hidden Objects,Games,4.5,731214,0.0,Android
Mobile Security: VPN Proxy & Anti Theft Safe WiFi,Productivity,4.5,731151,0.0,Android
Kate Mobile for VK,Social,4.6,730894,0.0,Android
Brave Frontier,Games,4.4,729899,0.0,Android
Godus,Games,4.2,729095,0.0,Android
ŸàÿµŸÑÿ© - ŸÑÿπÿ®ÿ© ŸÉŸÑŸÖÿßÿ™ ŸÖÿ™ŸÇÿßÿ∑ÿπÿ©,Games,4.6,728787,0.0,Android
Klondike Adventures,Games,4.4,728443,0.0,Android
Fitbit,Health & Fitness,3.7,727330,0.0,Android
Samsung Members,Tools,4.5,726230,0.0,Android
Trial Xtreme 4: Extreme Bike Racing Champions,Games,4.1,725437,0.0,Android
"–ï–¥–∞–¥–∏–ª ‚Äî –∞–∫—Ü–∏–∏, —Å–∫–∏–¥–∫–∏ –∏ –∫—ç—à–±—ç–∫ –≤ –º–∞–≥–∞–∑–∏–Ω–∞—Ö",Shopping,4.5,725347,0.0,Android
DuckDuckGo Privacy Browser,Tools,4.8,724963,0.0,Android
Royal Revolt 2: Tower Defense RTS & Castle Builder,Games,4.5,724602,0.0,Android
JUMIA Online Shopping,Shopping,4.1,723981,0.0,Android
Huuuge Casino Slots - Best Slot Machines,Games,4.3,723947,0.0,Android
"GO Music - Offline & online music, free MV, MP3",Music & Audio,4.1,723316,0.0,Android
Real Cricket‚Ñ¢ 17,Games,4.2,722722,0.0,Android
"Viki: Stream Asian TV Shows, Movies, and Kdramas",Entertainment,4.2,722327,0.0,Android
"Tagged - Meet, Chat & Dating",Social,4.4,721103,0.0,Android
Ultimate Soccer - Football,Games,3.9,721099,0.0,Android
Jigty Jigsaw Puzzles,Games,4.6,720954,0.0,Android
Cooking Mama: Let's cook!,Games,4.3,720514,0.0,Android
Heroes of Order & Chaos,Games,3.6,719915,0.0,Android
ZArchiver,Tools,4.5,718862,0.0,Android
"mySF Self Care, Exclusive Deals, Rewards Smartfren",Tools,3.0,718020,0.0,Android
Talking Tom Hero Dash - Run Game,Games,4.3,717354,0.0,Android
"Viu - Korean Dramas, Variety Shows, Originals",Entertainment,4.0,717214,0.0,Android
Real Bike Racing,Games,4.1,716701,0.0,Android
Rayman Adventures,Games,4.5,716334,0.0,Android
ZEPETO,Entertainment,3.9,712950,0.0,Android
Stack Ball - Blast through platforms,Games,4.1,711402,0.0,Android
NhacCuaTui,Music & Audio,4.2,710724,0.0,Android
BOOYAH!,Entertainment,4.5,709906,0.0,Android
"Nox Security - Antivirus Master, Clean Virus, Free",Tools,4.6,709858,0.0,Android
World Chef üç∞üçîüçùüçì,Games,4.4,709407,0.0,Android
Score! Match - PvP Soccer,Games,4.2,708609,0.0,Android
Lara Croft: Relic Run,Games,4.0,707899,0.0,Android
Citibanamex M√≥vil,Finance,4.1,706462,0.0,Android
Perfect Kick,Games,4.4,706215,0.0,Android
Swordigo,Games,4.6,704951,0.0,Android
Stickman Soccer 2014,Games,4.4,704785,0.0,Android
Bingo Blitz‚Ñ¢Ô∏è - Bingo Games,Games,4.5,703923,0.0,Android
U-Dictionary: Oxford Dictionary Free Now Translate,Education,4.5,703648,0.0,Android
Robbery Bob 2: Double Trouble,Games,4.4,703373,0.0,Android
Flight Simulator: Fly Plane 3D,Games,4.0,702733,0.0,Android
Let's Fish: Sport Fishing Games. Fishing Simulator,Games,4.5,702006,0.0,Android
‚àû Infinity Loop ¬Æ,Games,4.6,701901,0.0,Android
Unblock Me FREE,Games,4.6,700362,0.0,Android
Boxing Star,Games,4.4,699420,0.0,Android
Bubble Blast 2,Games,4.4,699405,0.0,Android
Zombie Age 2: Survival Rules - Offline Shooting,Games,4.5,699090,0.0,Android
Waplog - Dating App to Chat & Meet New People,Social,4.4,697869,0.0,Android
ƒ∞≈üCep - Mobile Banking,Finance,4.5,696239,0.0,Android
Dr. Parking 4,Games,4.1,695724,0.0,Android
Kotak - 811 & Mobile Banking,Finance,4.3,695688,0.0,Android
METAL SLUG DEFENSE,Games,4.0,694963,0.0,Android
"MICO: Make Friends, Live Chat and Go Live Stream",Social,4.5,694377,0.0,Android
Tastely,Food & Drink,4.5,693780,0.0,Android
Music Maker JAM - Song & Beatmaker app,Music & Audio,4.6,693331,0.0,Android
Slap Kings,Games,4.3,692181,0.0,Android
SAKURA School Simulator,Games,4.5,689974,0.0,Android
Animal Crossing: Pocket Camp,Games,4.4,689962,0.0,Android
Stick Hero,Games,4.3,689815,0.0,Android
NARUTO X BORUTO NINJA VOLTAGE,Games,4.0,689463,0.0,Android
Escape game : 50 rooms 1,Games,4.4,688743,0.0,Android
"CallApp: Caller ID, Call Blocker & Call Recorder",Communication,4.1,688699,0.0,Android
T-Mobile,Tools,4.2,688670,0.0,Android
Puppy Town - Merge & Winüí∞,Games,4.2,686701,0.0,Android
